NESO BMU ID,SETT UNIT ID,CRM UNIT CAT,BMRS FUEL TYPE,REG FUEL TYPE,REG TYPE,DGB FLG,GC OC2,latitude,longitude,UK_REPD_ID
ABERU-1,E_ABERDARE,Primary BMU,OCGT,OCGT,BMU,Generation,,51.6975,-3.41613,
ABRBO-1,T_ABRBO-1,Primary BMU,WIND,WIND,BMU,Generation,,57.2167,-1.98333,2505.0
ABRTW-1,E_ABRTW-1,Primary BMU,WIND,WIND,BMU,Generation,YES,55.62400278889225,-3.984210833480396,4337.0
ACHAI-1,,Primary BMU,WIND,WIND,BMU,Generation,YES,,,
ACHLW-1,C__PSMAR001,Primary BMU,WIND,WIND,EELPS,Generation,,,,
ACHRW-1,T_ACHRW-1,Primary BMU,WIND,WIND,BMU,Generation,YES,56.1292,-5.335,4331.0
AD-JEDF02,,Primary BMU,OCGT,OCGT,BMU,Generation,YES,,,
AD-JEDF03,,Primary BMU,OCGT,OCGT,BMU,Generation,,,,
AFTOW-1,T_AFTOW-1,Primary BMU,WIND,WIND,BMU,Generation,,55.3116001968864,-4.17428302347659,4262.0
AG-ADL00B,V__BADEL001,Secondary BMU,OTHER,GAS,BMU,Generation,YES,,,
AG-ADL01M,V__MADEL001,Secondary BMU,OTHER,GAS,BMU,Generation,,,,
AG-ADL02G,V__GADEL001,Secondary BMU,OTHER,GAS,BMU,Generation,,,,
AG-ADL03E,V__EADEL001,Secondary BMU,OTHER,GAS,BMU,Generation,,,,
AG-ADL04H,V__JADEL001,Secondary BMU,OTHER,GAS,BMU,Generation,,,,
AG-ADL05H,V__HADEL002,Secondary BMU,OTHER,OTHER,BMU,Generation,,,,
AG-AECO01,2__AECOT003,Primary BMU,OTHER,SOLAR,BMU,Generation,,,,
AG-AEDF01,2__ALOND001,Primary BMU,OTHER,SOLAR,BMU,Generation,,,,
AG-AFLX03,2__AFLEX003,Additional Supplier BMU,OTHER,OTHER,BMU,Bi-Directional,,,,
AG-AFLX04,2__AFLEX004,Additional Supplier BMU,OTHER,OTHER,BMU,Bi-Directional,,,,
AG-AFLX05,2__AFLEX005,Additional Supplier BMU,OTHER,OTHER,BMU,Generation,,,,
AG-ALIM02,2__AANGE001,Primary BMU,OTHER,BATTERY,BMU,Bi-Directional,,,,
AG-ALIM03,,Primary BMU,OTHER,BATTERY,BMU,Bi-Directional,,,,
AG-ALIM04,2__AANGE003,Primary BMU,OTHER,OTHER,BMU,Bi-Directional,,,,
AG-AOCT01,2__AMRCY001,Additional Supplier BMU,OTHER,BATTERY,BMU,Bi-Directional,,,,
AG-ASTK01,2__ASTAT001,Primary BMU,OTHER,DIESEL,BMU,Bi-Directional,,,,
AG-ASTK02,2__ASTAT002,Primary BMU,OTHER,DIESEL,BMU,Bi-Directional,,,,
AG-ASTK03,2__ASTAT003,Primary BMU,OTHER,GAS,BMU,Generation,,,,
AG-ASTK04,2__ASTAT004,Primary BMU,OTHER,BATTERY,BMU,Bi-Directional,,,,
AG-ASTK05,2__ASTAT005,Primary BMU,OTHER,BATTERY,BMU,Bi-Directional,,51.93743731620644,0.11918381345062933,6898.0
AG-ASTK06,2__ASTAT006,Primary BMU,OTHER,DIESEL,BMU,Generation,,,,
AG-ASTK07,2__ASTAT007,Primary BMU,OTHER,DIESEL,BMU,Generation,,,,
AG-ASTK08,2__ASTAT008,Primary BMU,OTHER,BATTERY,BMU,Bi-Directional,,,,
AG-ASTK09,2__ASTAT009,Primary BMU,OTHER,BATTERY,BMU,Bi-Directional,,,,
AG-AUKP01,2__AUKPR001,Primary BMU,OTHER,OTHER,BMU,Generation,,,,
AG-AXL00K,,Secondary BMU,OTHER,LOAD RESPONSE,BMU,Bi-Directional,,,,
AG-BEDF03,2__BLOND003,Primary BMU,WIND,WIND,BMU,Generation,,,,
AG-BEDF04,2__BLOND004,Additional Supplier BMU,OTHER,BATTERY,BMU,Bi-Directional,,,,
AG-BEDG01,2__BEDGE001,Additional Supplier BMU,OTHER,SOLAR,BMU,Generation,,,,
AG-BFLX01,2__BFLEX001,Primary BMU,OTHER,BATTERY,BMU,Bi-Directional,,,,
AG-BFLX02,2__BFLEX002,Primary BMU,OTHER,BATTERY,BMU,Bi-Directional,,,,
AG-BFLX03,2__BFLEX003,Primary BMU,OTHER,OTHER,BMU,Generation,,,,
AG-BFLX04,2__BFLEX004,Primary BMU,OTHER,BATTERY,BMU,Bi-Directional,,,,
AG-BHAR01,2__BPOWQ001,Primary BMU,OTHER,GAS,BMU,Generation,,,,
AG-BLIM02,2__BANGE001,Primary BMU,OTHER,BATTERY,BMU,Bi-Directional,,,,
AG-BLIM03,2__BANGE002,Primary BMU,OTHER,BATTERY,BMU,Bi-Directional,,,,
AG-BLIM04,2__BANGE003,Primary BMU,PS,BATTERY,BMU,Bi-Directional,,,,
AG-BSMA01,,Primary BMU,OTHER,OTHER,BMU,Generation,,,,
AG-BSTK01,2__BSTAT001,Primary BMU,OTHER,GAS,BMU,Generation,,,,
AG-BSTK02,2__BSTAT002,Primary BMU,OTHER,GAS,BMU,Generation,,,,
AG-BSTK03,2__BSTAT003,Primary BMU,OTHER,GAS,BMU,Generation,,,,
AG-BSTK04,2__BSTAT004,Primary BMU,OTHER,GAS,BMU,Generation,,,,
AG-BUKP01,2__BUKPR001,Primary BMU,OTHER,BATTERY,BMU,Bi-Directional,,,,
AG-CBS00N,,Secondary BMU,OTHER,DIESEL,BMU,Generation,,,,
AG-CBS02L,V__LCEND001,Secondary BMU,OTHER,BATTERY,BMU,Bi-Directional,,,,
AG-CBS05L,V__LCEND005,Secondary BMU,OTHER,BATTERY,BMU,Bi-Directional,,,,
AG-CBS06B,V__BCEND004,Secondary BMU,OTHER,BATTERY,BMU,Bi-Directional,,53.22386,-1.37484,7140.0
AG-CBS07B,V__ECEND007,Secondary BMU,WIND,LOAD RESPONSE,BMU,Demand,,,,
AG-CBS08M,V__MCEND001,Secondary BMU,OTHER,BATTERY,BMU,Bi-Directional,,,,
AG-COCT00,2__CMRCY001,Additional Supplier BMU,OTHER,BATTERY,BMU,Demand,,,,
AG-CRE00A,,Secondary BMU,OTHER,DIESEL,BMU,Generation,,,,
AG-CRE01K,,Secondary BMU,OTHER,DIESEL,BMU,Generation,,,,
AG-CRE02L,,Secondary BMU,OTHER,DIESEL,BMU,Generation,,,,
AG-DEDF01,2__DLOND001,Primary BMU,OTHER,GAS,BMU,Generation,,,,
AG-DEDF02,2__DLOND002,Primary BMU,OCGT,OCGT,BMU,Generation,,,,
AG-DLIM01,2__DANGE001,Primary BMU,OTHER,BATTERY,BMU,Bi-Directional,,,,
AG-DSTK01,2__DSTAT001,Primary BMU,OTHER,OTHER,BMU,Generation,,,,
AG-DSTK02,2__DSTAT002,Primary BMU,OTHER,OTHER,BMU,Generation,,,,
AG-DSTK03,2__DSTAT003,Primary BMU,OTHER,GAS,BMU,Generation,,,,
AG-DSTK04,2__DSTAT004,Primary BMU,OTHER,GAS,BMU,Generation,,,,
AG-DSTK05,2__DSTAT005,Primary BMU,OTHER,GAS,BMU,Generation,,,,
AG-DSTK06,2__DSTAT006,Primary BMU,OTHER,GAS,BMU,Generation,,,,
AG-DSTK07,2__DSTAT007,Primary BMU,OTHER,GAS,BMU,Generation,,,,
AG-DUKP01,2__DUKPR001,Primary BMU,OTHER,BATTERY,BMU,Bi-Directional,,,,
AG-EEDF01,2__ELOND001,Primary BMU,OTHER,BATTERY,BMU,Bi-Directional,,,,
AG-EFLX01,2__EFLEX001,Primary BMU,OTHER,BATTERY,BMU,Bi-Directional,,,,
AG-EFLX02,2__EFLEX002,Primary BMU,OTHER,BATTERY,BMU,Generation,,,,
AG-EFLX03,2__EFLEX003,Additional Supplier BMU,OTHER,BATTERY,BMU,Bi-Directional,,,,
AG-EFLX04,2__EFLEX004,Primary BMU,OTHER,BATTERY,BMU,Bi-Directional,,,,
AG-ELIM02,2__EANGE001,Primary BMU,OTHER,BATTERY,BMU,Bi-Directional,,,,
AG-ELIM03,2__EANGE002,Primary BMU,OTHER,BATTERY,BMU,Bi-Directional,,,,
AG-ERV01M,V__MEROV001,Secondary BMU,OTHER,GAS,BMU,Generation,,,,
AG-ESTK01,2__ESTAT001,Primary BMU,OTHER,OTHER,BMU,Generation,,,,
AG-ESTK02,2__ESTAT002,Primary BMU,OTHER,GAS,BMU,Generation,,,,
AG-ESTK03,2__ESTAT003,Primary BMU,OTHER,GAS,BMU,Generation,,,,
AG-ESTK04,2__ESTAT004,Primary BMU,OTHER,GAS,BMU,Generation,,,,
AG-ESTK05,,Primary BMU,OTHER,GAS,BMU,Generation,,,,
AG-EUKP01,2__EUKPR001,Primary BMU,OTHER,OTHER,BMU,Generation,,,,
AG-EXE00E,,Secondary BMU,OTHER,BATTERY,BMU,Bi-Directional,,,,
AG-FFLX01,2__FFLEX001,Additional Supplier BMU,OTHER,GAS,BMU,Generation,,,,
AG-FLIM01,,Primary BMU,OTHER,BATTERY,BMU,Bi-Directional,,,,
AG-FLIM02,,Primary BMU,OTHER,BATTERY,BMU,Bi-Directional,,,,
AG-FLX00L,V__LFLEX001,Secondary BMU,OTHER,BATTERY,BMU,Bi-Directional,,,,
AG-FLX01P,V__PFLEX001,Secondary BMU,OTHER,NPSHYD,BMU,Generation,,,,
AG-FLX02N,V__NFLEX001,Secondary BMU,OTHER,BATTERY,BMU,Bi-Directional,,,,
AG-FLX03B,,Secondary BMU,OTHER,BATTERY,BMU,Bi-Directional,,,,
AG-FLX04E,,Primary BMU,OTHER,WIND,BMU,Demand,,,,
AG-FLX06M,V__MFLEX001,Secondary BMU,OTHER,LOAD RESPONSE,BMU,Demand,,,,
AG-FLX09A,V__AFLEX002,Secondary BMU,OTHER,GAS,BMU,Generation,,,,
AG-FLX0AA,V__AFLEX003,Secondary BMU,OTHER,LOAD RESPONSE,BMU,Demand,,,,
AG-FLX0BH,V__HFLEX002,Secondary BMU,OTHER,BATTERY,BMU,Bi-Directional,,,,
AG-FSTK01,2__FSTAT001,Primary BMU,OTHER,GAS,BMU,Generation,,,,
AG-FSTK02,2__FSTAT002,Primary BMU,OTHER,GAS,BMU,Generation,,,,
AG-FSTK03,2__FSTAT003,Primary BMU,OTHER,GAS,BMU,Generation,,,,
AG-GBL01B,V__BGBLO001,Secondary BMU,OTHER,LOAD RESPONSE,BMU,Demand,,,,
AG-GBL02E,V__EGBLO001,Secondary BMU,OTHER,LOAD RESPONSE,BMU,Demand,,,,
AG-GBL03F,V__FGBLO001,Secondary BMU,OTHER,LOAD RESPONSE,BMU,Demand,,,,
AG-GBL04M,V__MGBLO001,Secondary BMU,OTHER,LOAD RESPONSE,BMU,Demand,,,,
AG-GBL05D,V__DGBLO001,Secondary BMU,OTHER,GAS,BMU,Generation,,,,
AG-GBL06G,V__GGBLO001,Secondary BMU,OTHER,LOAD RESPONSE,BMU,Demand,,,,
AG-GBL07N,V__NGBLO001,Secondary BMU,OTHER,LOAD RESPONSE,BMU,Demand,,,,
AG-GBL08H,V__HGBLO001,Secondary BMU,OTHER,LOAD RESPONSE,BMU,Demand,,,,
AG-GBL09B,V__BGBLO009,Secondary BMU,OTHER,LOAD RESPONSE,BMU,Demand,,,,
AG-GBL0AE,V__EGBLO010,Secondary BMU,OTHER,LOAD RESPONSE,BMU,Demand,,,,
AG-GBL0BE,V__EGBLO011,Secondary BMU,OTHER,LOAD RESPONSE,BMU,Demand,,,,
AG-GBL0CE,V__EGBLO012,Secondary BMU,OTHER,LOAD RESPONSE,BMU,Demand,,,,
AG-GBL0DN,V__NGBLO013,Secondary BMU,OTHER,LOAD RESPONSE,BMU,Demand,,,,
AG-GBL0EN,V__NGBLO014,Secondary BMU,OTHER,LOAD RESPONSE,BMU,Demand,,,,
AG-GBL0FM,V__MGBLO015,Secondary BMU,OTHER,LOAD RESPONSE,BMU,Demand,,,,
AG-GBL0GM,V__MGBLO016,Secondary BMU,OTHER,LOAD RESPONSE,BMU,Demand,,,,
AG-GBL0HM,V__MGBLO017,Secondary BMU,OTHER,LOAD RESPONSE,BMU,Demand,,,,
AG-GBL0IA,V__AGBLO018,Secondary BMU,OTHER,LOAD RESPONSE,BMU,Demand,,,,
AG-GBL0JP,V__PGBLO019,Secondary BMU,OTHER,LOAD RESPONSE,BMU,Demand,,,,
AG-GBL0KB,V__BGBLO020,Secondary BMU,OTHER,LOAD RESPONSE,BMU,Demand,,,,
AG-GBL0LB,V__BGBLO021,Secondary BMU,OTHER,GAS,BMU,Generation,,,,
AG-GBL0MM,V__MGBLO022,Secondary BMU,OTHER,GAS,BMU,Generation,,,,
AG-GBL0NN,V__NGBLO023,Secondary BMU,OTHER,GAS,BMU,Generation,,,,
AG-GBL0OH,,Secondary BMU,OTHER,GAS,BMU,Generation,,,,
AG-GBL0PE,,Secondary BMU,OTHER,GAS,BMU,Generation,,,,
AG-GEDF01,2__GLOND001,Primary BMU,OTHER,BATTERY,BMU,Generation,,,,
AG-GEDF02,2__GLOND002,Primary BMU,OTHER,BATTERY,BMU,Generation,,53.597510031523576,-2.2950568698119973,7464.0
AG-GEDF03,2__GLOND003,Primary BMU,OCGT,OCGT,BMU,Generation,,,,
AG-GEDF04,2__GLOND004,Primary BMU,OCGT,OCGT,BMU,Generation,,,,
AG-GFLX01,2__GFLEX001,Additional Supplier BMU,OTHER,OTHER,BMU,Generation,,,,
AG-GFLX02,2__GFLEX002,Additional Supplier BMU,OTHER,OTHER,BMU,Generation,,,,
AG-GFLX03,2__GFLEX003,Primary BMU,OTHER,OTHER,BMU,Generation,,,,
AG-GFLX04,2__GFLEX004,Primary BMU,OTHER,GAS,BMU,Generation,,,,
AG-GLIM01,2__GANGE001,Primary BMU,OTHER,BATTERY,BMU,Bi-Directional,,,,
AG-GLIM02,,Primary BMU,OTHER,BATTERY,BMU,Bi-Directional,,,,
AG-GLIM03,,Primary BMU,OTHER,OTHER,BMU,Bi-Directional,,,,
AG-GLIM04,,Primary BMU,OTHER,OTHER,BMU,Bi-Directional,,,,
AG-GSMA02,2__GSMAR002,Primary BMU,OTHER,OTHER,BMU,Generation,,,,
AG-GSTK01,2__GSTAT001,Primary BMU,OTHER,OTHER,BMU,Generation,,,,
AG-GSTK02,2__GSTAT002,Primary BMU,OTHER,GAS,BMU,Generation,,,,
AG-GSTK03,2__GSTAT003,Primary BMU,OTHER,GAS,BMU,Generation,,,,
AG-GSTK04,2__GSTAT004,Primary BMU,OTHER,GAS,BMU,Generation,,,,
AG-GSTK06,2__GSTAT006,Primary BMU,OTHER,GAS,BMU,Generation,,,,
AG-GSTK07,2__GSTAT007,Primary BMU,OTHER,GAS,BMU,Generation,,,,
AG-GSTK08,2__GSTAT008,Primary BMU,OTHER,GAS,BMU,Generation,,,,
AG-GSTK09,2__GSTAT009,Primary BMU,OTHER,BATTERY,BMU,Bi-Directional,,,,
AG-GSTK10,2__GSTAT010,Primary BMU,OTHER,GAS,BMU,Generation,,,,
AG-GSTK11,2__GSTAT011,Primary BMU,OTHER,GAS,BMU,Generation,,,,
AG-GSTK12,2__GSTAT012,Primary BMU,OTHER,GAS,BMU,Generation,,,,
AG-GSTK13,2__GSTAT013,Primary BMU,OTHER,GAS,BMU,Generation,,,,
AG-GSTK15,2__GSTAT015,Primary BMU,OTHER,GAS,BMU,Generation,,,,
AG-GSTK16,2__GSTAT016,Primary BMU,OTHER,BATTERY,BMU,Bi-Directional,,,,
AG-GSTK17,2__GSTAT017,Primary BMU,OTHER,GAS,BMU,Generation,,,,
AG-GUKP01,2__GUKPR001,Primary BMU,OTHER,OTHER,BMU,Generation,,,,
AG-GZP04K,,Secondary BMU,OTHER,GAS,BMU,Bi-Directional,,,,
AG-HEDF01,,Primary BMU,OTHER,BATTERY,BMU,Bi-Directional,,,,
AG-HEDF02,2__HLOND002,Additional Supplier BMU,OTHER,BATTERY,BMU,Bi-Directional,,,,
AG-HEL0AG,,Secondary BMU,OTHER,BATTERY,BMU,Bi-Directional,,,,
AG-HEL0CP,V__PHABI004,Secondary BMU,OTHER,BATTERY,BMU,Bi-Directional,,57.2213950549635,-2.3661137990985712,7234.0
AG-HEL0DN,V__NHABI005,Secondary BMU,OTHER,BATTERY,BMU,Bi-Directional,YES,,,
AG-HEL0EP,,Secondary BMU,OTHER,BATTERY,BMU,Bi-Directional,YES,,,
AG-HFLX01,2__HFLEX001,Additional Supplier BMU,OTHER,OTHER,BMU,Generation,YES,,,
AG-HLIM01,2__HANGE001,Primary BMU,OTHER,BATTERY,BMU,Bi-Directional,,50.83208906546754,-1.1896012513098102,9708.0
AG-HLIM02,2__HANGE002,Primary BMU,OTHER,OTHER,BMU,Generation,,50.83208906546754,-1.1896012513098102,9708.0
AG-HLIM03,2__HANGE003,Primary BMU,OTHER,BATTERY,BMU,Bi-Directional,,,,
AG-HLIM04,2__HANGE004,Primary BMU,OTHER,BATTERY,BMU,Bi-Directional,,,,
AG-HLIM05,2__HANGE005,Primary BMU,OTHER,OTHER,BMU,Generation,,,,
AG-HSTK01,2__HSTAT001,Primary BMU,OTHER,BATTERY,BMU,Bi-Directional,,,,
AG-HSTK02,2__HSTAT002,Primary BMU,OTHER,BATTERY,BMU,Bi-Directional,,,,
AG-HSTK03,2__HSTAT003,Primary BMU,OTHER,GAS,BMU,Generation,,,,
AG-HSTK04,2__HSTAT004,Primary BMU,OTHER,BATTERY,BMU,Bi-Directional,,,,
AG-HSTK05,2__HSTAT005,Primary BMU,OTHER,GAS,BMU,Generation,,,,
AG-HSTK06,2__HSTAT006,Primary BMU,OTHER,GAS,BMU,Generation,,,,
AG-HSTK07,2__HSTAT007,Primary BMU,OTHER,BATTERY,BMU,Bi-Directional,,,,
AG-JEDF02,2__JLOND002,Primary BMU,OCGT,OCGT,BMU,Generation,,,,
AG-JEDF03,2__JLOND003,Primary BMU,OCGT,OCGT,BMU,Generation,,,,
AG-JEDF04,2__JLOND004,Additional Supplier BMU,OTHER,BATTERY,BMU,Bi-Directional,,,,
AG-JLIM01,2__JANGE001,Primary BMU,OTHER,OTHER,BMU,Generation,,,,
AG-JSTK01,2__JSTAT001,Primary BMU,OTHER,GAS,BMU,Generation,,,,
AG-JSTK02,2__JSTAT002,Primary BMU,OTHER,BATTERY,BMU,Bi-Directional,,51.23043558491975,-0.3548107072776814,6909.0
AG-JSTK03,2__JSTAT003,Primary BMU,OTHER,GAS,BMU,Generation,,,,
AG-JUKP01,2__JUKPR001,Primary BMU,OTHER,BATTERY,BMU,Bi-Directional,,,,
AG-KFLX01,2__KFLEX001,Additional Supplier BMU,OTHER,OTHER,BMU,Generation,,,,
AG-KLIM01,,Primary BMU,OTHER,BATTERY,BMU,Bi-Directional,,,,
AG-KSTK01,2__KSTAT001,Primary BMU,OTHER,GAS,BMU,Generation,,,,
AG-KSTK02,2__KSTAT002,Primary BMU,OTHER,GAS,BMU,Generation,,,,
AG-KSTK03,2__KSTAT003,Primary BMU,OTHER,GAS,BMU,Generation,,,,
AG-KSTK04,2__KSTAT004,Primary BMU,OTHER,GAS,BMU,Generation,,,,
AG-KSTK05,2__KSTAT005,Primary BMU,OTHER,GAS,BMU,Generation,,,,
AG-KSTK06,2__KSTAT006,Primary BMU,OTHER,BATTERY,BMU,Bi-Directional,,,,
AG-KSTK07,2__KSTAT007,Primary BMU,OTHER,DIESEL,BMU,Generation,,,,
AG-KUKP01,2__KUKPR001,Primary BMU,OTHER,OTHER,BMU,Generation,,,,
AG-LFLX01,2__LFLEX001,Primary BMU,OTHER,BATTERY,BMU,Bi-Directional,,,,
AG-LLIM01,2__LANGE001,Primary BMU,OTHER,BATTERY,BMU,Bi-Directional,,,,
AG-LLIM02,2__LANGE002,Primary BMU,OTHER,BATTERY,BMU,Bi-Directional,,51.018497,-3.157186,7152.0
AG-LLIM03,,Primary BMU,OTHER,OTHER,BMU,Generation,,,,
AG-LLT00B,V__BLEVE001,Secondary BMU,OTHER,BATTERY,BMU,Bi-Directional,,,,
AG-LLT01H,V__HLEVE001,Secondary BMU,OTHER,BATTERY,BMU,Bi-Directional,,,,
AG-LLT02L,V__LLEVE001,Secondary BMU,OTHER,BATTERY,BMU,Bi-Directional,,,,
AG-LSTK01,2__LSTAT001,Primary BMU,OTHER,OTHER,BMU,Generation,,,,
AG-LSTK02,2__LSTAT002,Primary BMU,OTHER,GAS,BMU,Generation,,,,
AG-LSTK03,2__LSTAT003,Primary BMU,OTHER,GAS,BMU,Generation,,,,
AG-LSTK04,2__LSTAT004,Primary BMU,OTHER,DIESEL,BMU,Generation,,,,
AG-LUKP01,2__LUKPR001,Primary BMU,OTHER,OTHER,BMU,Generation,,,,
AG-MCAM01,2__MCMRO002,Additional Supplier BMU,OTHER,BATTERY,BMU,Bi-Directional,,,,
AG-MCET01,2__MCNDL002,Additional Supplier BMU,OTHER,GAS,BMU,Generation,,,,
AG-MECO01,,Primary BMU,WIND,WIND,BMU,Generation,,,,
AG-MFLX02,2__MFLEX002,Primary BMU,OTHER,BATTERY,BMU,Bi-Directional,,,,
AG-MLIM01,,Primary BMU,OTHER,OTHER,BMU,Bi-Directional,,,,
AG-MLIM02,,Primary BMU,OTHER,BATTERY,BMU,Bi-Directional,,,,
AG-MLIM03,2__MANGE003,Primary BMU,OTHER,OTHER,BMU,Generation,,,,
AG-MSTK01,2__MSTAT001,Primary BMU,OTHER,BATTERY,BMU,Bi-Directional,,,,
AG-MSTK02,2__MSTAT002,Primary BMU,OTHER,OTHER,BMU,Generation,,,,
AG-MSTK03,2__MSTAT003,Primary BMU,OTHER,GAS,BMU,Generation,,,,
AG-MSTK04,2__MSTAT004,Primary BMU,OTHER,GAS,BMU,Generation,,,,
AG-MSTK05,2__MSTAT005,Primary BMU,OTHER,BATTERY,BMU,Bi-Directional,,,,
AG-MSTK06,2__MSTAT006,Primary BMU,OTHER,GAS,BMU,Generation,,,,
AG-MUPK01,,Primary BMU,OTHER,OTHER,BMU,Generation,,,,
AG-NEDF01,2__NLOND001,Primary BMU,OCGT,OCGT,BMU,Generation,,,,
AG-NEDF02,2__NLOND002,Primary BMU,OCGT,OCGT,BMU,Generation,,,,
AG-NEDF03,2__NLOND003,Primary BMU,OCGT,OCGT,BMU,Generation,,,,
AG-NFLX01,2__NFLEX001,Primary BMU,OTHER,BATTERY,BMU,Bi-Directional,,,,
AG-NFLX02,2__NFLEX002,Primary BMU,OTHER,BATTERY,BMU,Bi-Directional,YES,,,
AG-NFLX03,2__NFLEX003,Additional Supplier BMU,OTHER,OTHER,BMU,Generation,,,,
AG-NFLX04,2__NFLEX004,Additional Supplier BMU,OTHER,OTHER,BMU,Generation,,,,
AG-NFLX05,2__NFLEX005,Additional Supplier BMU,OTHER,OTHER,BMU,Generation,,,,
AG-NFLX06,2__NFLEX006,Additional Supplier BMU,OTHER,OTHER,BMU,Generation,,,,
AG-NFLX07,2__NFLEX007,Additional Supplier BMU,OTHER,OTHER,BMU,Generation,,,,
AG-NFLX08,2__NFLEX008,Primary BMU,OTHER,OTHER,BMU,Generation,,,,
AG-NFLX09,2__NFLEX009,Primary BMU,OTHER,BATTERY,BMU,Bi-Directional,,,,
AG-NHAV01,2__NHPOW001,Primary BMU,NPSHYD,NPSHYD,BMU,Generation,YES,,,
AG-NHAV02,2__NHPOW002,Primary BMU,NPSHYD,NPSHYD,BMU,Generation,,,,
AG-NLIM01,,Primary BMU,OTHER,BATTERY,BMU,Bi-Directional,,,,
AG-NLIM02,,Primary BMU,OTHER,BATTERY,BMU,Bi-Directional,,,,
AG-NLIM03,,Primary BMU,OTHER,OTHER,BMU,Generation,,,,
AG-NLIM04,2__NANGE004,Primary BMU,OTHER,OTHER,BMU,Generation,,,,
AG-NSTK01,2__NSTAT001,Primary BMU,OTHER,GAS,BMU,Generation,,,,
AG-NSTK02,2__NSTAT002,Primary BMU,OTHER,GAS,BMU,Generation,,,,
AG-NSTK03,2__NSTAT003,Primary BMU,OTHER,GAS,BMU,Generation,,,,
AG-NSTK04,,Primary BMU,OTHER,LOAD RESPONSE,BMU,Demand,,,,
AG-ORA00A,,Secondary BMU,OTHER,LOAD RESPONSE,BMU,Demand,,,,
AG-PEDF01,2__PLOND001,Additional Supplier BMU,OTHER,BATTERY,BMU,Bi-Directional,,,,
AG-PFLX02,2__PFLEX002,Primary BMU,OTHER,BATTERY,BMU,Bi-Directional,YES,,,
AG-PRO00E,,Secondary BMU,OTHER,BATTERY,BMU,Bi-Directional,YES,,,
AG-REC05L,2__LECOT003,Secondary BMU,WIND,WIND,BMU,Generation,,,,
AG-REC06B,2__BECOT003,Secondary BMU,WIND,WIND,BMU,Generation,,,,
AG-REC07E,,Secondary BMU,OTHER,BATTERY,BMU,Bi-Directional,,,,
AG-ZEN03J,V__JZENO001,Secondary BMU,OTHER,BATTERY,BMU,Bi-Directional,,,,
AG-ZEN7H,V__HZENO004,Secondary BMU,OTHER,BATTERY,BMU,Bi-Directional,,,,
AIGA-1,,Primary BMU,NPSHYD,NPSHYD,BMU,Generation,,,,
AIGA-2,,Primary BMU,NPSHYD,NPSHYD,BMU,Generation,,,,
AIRSW-1,E_AIRSW-1,Primary BMU,WIND,WIND,BMU,Generation,,54.802050805497586,-4.657736096679616,4462.0
AKGLW-2,T_AKGLW-2,Primary BMU,WIND,WIND,BMU,Generation,YES,55.893416376890386,-2.4525902607503536,4591.0
AKGLW-3,T_AKGLW-3,Primary BMU,WIND,WIND,BMU,Generation,YES,55.893416376890386,-2.4525902607503536,4591.0
ALCOA-1,E_ALCOA-1,Primary BMU,CCGT,CCGT,BMU,Generation,YES,,,
ANGLD-1,,Primary BMU,OTHER,OTHER,BMU,Demand,,,,
ANSUW-1,T_ANSUW-1,Primary BMU,WIND,WIND,BMU,Generation,,56.21866506121188,-5.21936666002629,3298.0
ARBRB-1,E_ARBRB-1,Primary BMU,OTHER,BATTERY,BMU,Bi-Directional,YES,56.56497,-2.619634,
ARCHW-1,T_ARCHW-1,Primary BMU,WIND,WIND,BMU,Generation,YES,55.0533,-4.88222,3258.0
ARNKB-1,E_ARNKB-1,Primary BMU,OTHER,BATTERY,BMU,Bi-Directional,YES,,,
ARNKB-2,E_ARNKB-2,Primary BMU,OTHER,BATTERY,BMU,Bi-Directional,,,,
ASHWW-1,E_ASHWW-1,Primary BMU,WIND,WIND,BMU,Generation,,55.50932640838777,-3.8462637410043152,4110.0
ASLVW-1,E_ASLVW-1,Primary BMU,WIND,WIND,BMU,Generation,YES,55.22647843305392,-4.778705371098767,4645.0
BABAW-1,E_BABAW-1,Primary BMU,WIND,WIND,BMU,Generation,YES,58.56792108721411,-3.6770209864280057,4021.0
BAGTD-1,T_BAGTD-1,Primary BMU,OTHER,OTHER,BMU,Demand,YES,,,
BARNB-1,E_BARNB-1,Primary BMU,OTHER,BATTERY,BMU,Bi-Directional,,53.54841,-1.45007,
BDCHW-1,T_BDCHW-1,Primary BMU,WIND,WIND,BMU,Generation,,58.420462483226444,-3.4291930081059174,4646.0
BEASC-1,T_BEASC-1,Primary BMU,OTHER,OTHER,BMU,Generation,YES,,,
BEATO-1,T_BEATO-1,Primary BMU,WIND,WIND,BMU,Generation,,58.13,-3.07,2521.0
BEATO-2,T_BEATO-2,Primary BMU,WIND,WIND,BMU,Generation,YES,58.13,-3.07,2521.0
BEATO-3,T_BEATO-3,Primary BMU,WIND,WIND,BMU,Generation,YES,58.13,-3.07,2521.0
BEATO-4,T_BEATO-4,Primary BMU,WIND,WIND,BMU,Generation,YES,58.13,-3.07,2521.0
BEINW-1,T_BEINW-1,Primary BMU,WIND,WIND,BMU,Generation,YES,57.095605803530056,-4.96548104707889,3787.0
BFSE02,,Primary BMU,OTHER,BATTERY,BMU,Bi-Directional,YES,,,
BHLAW-1,T_BHLAW-1,Primary BMU,WIND,WIND,BMU,Generation,,57.2456,-4.7158,4640.0
BHOLB-1,E_BHOLB-1,Primary BMU,OTHER,BATTERY,BMU,Bi-Directional,YES,,,
BLARW-1,E_BLARW-1,Primary BMU,WIND,WIND,BMU,Generation,,55.56825630920064,-5.643538921013159,4605.0
BLHLB-1,T_BLHLB-1,Primary BMU,OTHER,BATTERY,BMU,Bi-Directional,YES,57.518392768330465,-2.947526768212654,9723.0
BLHLB-2,T_BLHLB-2,Primary BMU,OTHER,BATTERY,BMU,Bi-Directional,YES,57.518392768330465,-2.947526768212654,9723.0
BLHLB-3,T_BLHLB-3,Primary BMU,OTHER,BATTERY,BMU,Bi-Directional,YES,57.518392768330465,-2.947526768212654,9723.0
BLHLB-4,T_BLHLB-4,Primary BMU,OTHER,BATTERY,BMU,Bi-Directional,YES,57.518392768330465,-2.947526768212654,9723.0
BLHLD-1,T_BLHLD-1,Primary BMU,OTHER,OTHER,BMU,Demand,YES,,,
BLHLD-2,T_BLHLD-2,Primary BMU,OTHER,OTHER,BMU,Demand,,,,
BLHLD-3,T_BLHLD-3,Primary BMU,OTHER,OTHER,BMU,Demand,,,,
BLKPB-1,E_BLKPB-1,Primary BMU,OTHER,BATTERY,BMU,Bi-Directional,,,,
BLKWW-1,T_BLKWW-1,Primary BMU,WIND,WIND,BMU,Generation,,55.11991239799602,-4.032118080700068,4032.0
BLLA-2,T_BLLA-2,Primary BMU,WIND,WIND,BMU,Generation,YES,55.7669,-3.73889,3116.0
BLPFB-1,T_BLPFB-1,Primary BMU,OTHER,BATTERY,BMU,Bi-Directional,YES,,,
BLPFS-1,,Primary BMU,OTHER,SOLAR,BMU,Generation,,,,
BLWNB-1,,Primary BMU,OTHER,BATTERY,BMU,Bi-Directional,,,,
BNWKW-1,E_BNWKW-1,Primary BMU,WIND,WIND,EELPS,Generation,,58.356758895490756,-3.203853736930414,4122.0
BOWLW-1,T_BOWLW-1,Primary BMU,WIND,WIND,BMU,Generation,YES,53.9833,-3.28333,2546.0
BPGRD-1,,Primary BMU,OTHER,OTHER,BMU,Demand,YES,,,
BPGRD-2,T_BPGRD-2,Primary BMU,OTHER,OTHER,BMU,Demand,,,,
BRBEO-1,T_BRBEO-1,Primary BMU,WIND,WIND,BMU,Generation,,53.4833,-3.16667,2487.0
BRCHS-1,T_BRCHS-1,Primary BMU,OTHER,SOLAR,BMU,Generation,YES,,,
BRDUW-1,E_BRDUW-1,Primary BMU,WIND,WIND,BMU,Generation,YES,56.2761,-4.0625,3119.0
BREDB-1,T_BREDB-1,Primary BMU,OTHER,BATTERY,BMU,Bi-Directional,YES,,,
BRGDG-1,2__MCNDL001,Primary BMU,OCGT,OCGT,BMU,Generation,,53.540993,-0.508006,
BRGG-1,,Primary BMU,CCGT,GAS,BMU,Generation,,53.5406,-0.503635,
BRIDU-1,E_BRIDGWTR,Primary BMU,OTHER,GAS,BMU,Generation,,,,
BRNLW-1,E_BRNLW-1,Primary BMU,WIND,WIND,BMU,Generation,,56.83990929236933,-2.3791474319975396,4348.0
BROAB-1,E_BROAB-1,Primary BMU,OTHER,BATTERY,BMU,Bi-Directional,,,,
BROCW-1,T_BROCW-1,Primary BMU,WIND,WIND,BMU,Generation,,55.6165211,-3.8280487,
BROFB-1,E_BROFB-1,Primary BMU,OTHER,BATTERY,BMU,Bi-Directional,YES,52.074,1.05,
BROUD-1,E_BROUD-1,Primary BMU,OTHER,OTHER,BMU,Demand,,,,
BROXB-1,,Primary BMU,OTHER,BATTERY,BMU,Bi-Directional,,,,
BRYBW-1,E_BRYBW-1,Primary BMU,WIND,WIND,BMU,Generation,,57.44661103297983,-3.4753925365795815,4261.0
BSPHM-1,E_BSPHM-1,Primary BMU,CCGT,CCGT,BMU,Generation,YES,,,
BTNHL-1,E_BTNHL-1,Primary BMU,OTHER,OTHER,BMU,Generation,,,,
BTUIW-2,E_BTUIW-2,Primary BMU,WIND,WIND,BMU,Generation,,55.5714,-5.57611,3387.0
BTUIW-3,E_BTUIW-3,Primary BMU,WIND,WIND,BMU,Generation,YES,55.5714,-5.57611,3387.0
BURBW-1,E_BURBO,Primary BMU,WIND,WIND,BMU,Generation,YES,53.4833,-3.16667,2487.0
BURGH-1,E_BURGH-1,Primary BMU,OCGT,OCGT,BMU,Generation,YES,,,
BURWB-1,E_BURWB-1,Primary BMU,OTHER,BATTERY,BMU,Bi-Directional,,,,
BURWS-1,T_BURWS-1,Primary BMU,OTHER,SOLAR,BMU,Generation,YES,52.283,0.302,7630.0
BUSTB-1,T_BUSTB-1,Primary BMU,OTHER,BATTERY,BMU,Bi-Directional,YES,,,
BUXTB-1,2__GCMRO001,Primary BMU,OTHER,BATTERY,BMU,Bi-Directional,,,,
CAIRW-2,2__PSTAT001,Primary BMU,WIND,WIND,EELPS,Generation,,57.53,-3.36,3534.0
CAPNB-1,T_CAPNB-1,Primary BMU,OTHER,BATTERY,BMU,Bi-Directional,YES,,,
CARR-1,T_CARR-1,Primary BMU,CCGT,CCGT,BMU,Generation,,53.4358,-2.41089,
CARR-2,T_CARR-2,Primary BMU,CCGT,CCGT,BMU,Generation,YES,53.4358,-2.41089,
CAS-BEU01,M_CAS-BEU01,Primary BMU,NPSHYD,NPSHYD,BMU,Generation,YES,57.325,-4.794,
CAS-CLU01,M_CAS-CLU01,Primary BMU,NPSHYD,NPSHYD,BMU,Generation,YES,,,
CAS-CON01,M_CAS-CON01,Primary BMU,NPSHYD,NPSHYD,BMU,Generation,YES,57.554,-4.598,
CAS-GAR01,M_CAS-GAR01,Primary BMU,NPSHYD,NPSHYD,BMU,Generation,YES,,,
CAS-KIL01,M_CAS-KIL01,Primary BMU,NPSHYD,NPSHYD,BMU,Generation,YES,,,
CAS-MOR01,M_CAS-MOR01,Primary BMU,NPSHYD,NPSHYD,BMU,Generation,YES,,,
CASH-1,,Primary BMU,NPSHYD,NPSHYD,BMU,Generation,YES,,,
CASKD-1,T_CASKD-1,Primary BMU,OTHER,OTHER,BMU,Demand,,,,
CATHB-1,,Primary BMU,OTHER,BATTERY,BMU,Bi-Directional,,,,
CAUSW-1,2__PSMAE001,Primary BMU,WIND,WIND,BMU,Generation,,58.443469800515864,-3.0854229022550945,3108.0
CDCL-1,T_CDCL-1,Primary BMU,CCGT,CCGT,BMU,Generation,YES,53.3062,-0.786,
CEAN-1,,Primary BMU,NPSHYD,NPSHYD,BMU,Generation,YES,,,
CEAN-2,,Primary BMU,NPSHYD,NPSHYD,BMU,Generation,,,,
CGTHW-1,T_CGTHW-1,Primary BMU,WIND,WIND,BMU,Generation,,57.190084558112524,-4.359638023950258,4664.0
CHAPB-1,E_CHAPB-1,Primary BMU,OTHER,BATTERY,BMU,Bi-Directional,YES,51.9266,-0.4963,
CHICK-1,E_CHICK-1,Primary BMU,OCGT,OCGT,BMU,Generation,,,,
CHTRY-1,E_CHTRY-1,Primary BMU,CCGT,CCGT,BMU,Generation,,,,
CLAC-1,E_CLAC-1,Primary BMU,NPSHYD,NPSHYD,BMU,Generation,,56.27745,-4.9218,
CLACD-1,T_CLACD-1,Primary BMU,OTHER,OTHER,BMU,Demand,YES,,,
CLAYB-1,E_CLAYB-1,Primary BMU,OTHER,BATTERY,BMU,Bi-Directional,,,,
CLAYB-2,E_CLAYB-2,Primary BMU,OTHER,BATTERY,BMU,Bi-Directional,,,,
CLDCW-1,T_CLDCW-1,Primary BMU,WIND,WIND,BMU,Generation,,55.4672,-3.65444,4178.0
CLDNW-1,T_CLDNW-1,Primary BMU,WIND,WIND,BMU,Generation,YES,55.4672,-3.65444,4178.0
CLDRW-1,E_CLDRW-1,Primary BMU,WIND,WIND,BMU,Generation,YES,57.363336,-2.9640069,4623.0
CLDSW-1,T_CLDSW-1,Primary BMU,WIND,WIND,BMU,Generation,YES,55.4672,-3.65444,4178.0
CLFLW-1,E_CLFLW-1,Primary BMU,WIND,WIND,BMU,Generation,YES,56.28809278304757,-4.942889825389989,3448.0
CLUN-1,,Primary BMU,NPSHYD,NPSHYD,BMU,Generation,YES,,,
CLUN-2,,Primary BMU,NPSHYD,NPSHYD,BMU,Generation,,,,
CLUN-3,,Primary BMU,NPSHYD,NPSHYD,BMU,Generation,,,,
CLVHS-1,T_CLVHS-1,Primary BMU,OTHER,SOLAR,BMU,Generation,,51.3344,0.9429,6502.0
CLVHS-2,T_CLVHS-2,Primary BMU,OTHER,SOLAR,BMU,Generation,YES,51.3344,0.9429,6502.0
CMSTW-1,2__PEDGE003,Primary BMU,WIND,WIND,EELPS,Generation,YES,58.40865076654011,-3.2715144469841952,4006.0
CNCLW-1,E_CNCLW-1,Primary BMU,WIND,WIND,BMU,Generation,YES,57.76961921131165,-4.373160505979299,3846.0
CNCRW-1,,Primary BMU,WIND,WIND,BMU,Generation,YES,,,
CNQPS-1,T_CNQPS-1,Primary BMU,CCGT,GAS,BMU,Generation,,53.2322,-3.0813,
CNQPS-2,T_CNQPS-2,Primary BMU,CCGT,GAS,BMU,Generation,YES,53.2322,-3.0813,
CNQPS-3,T_CNQPS-3,Primary BMU,CCGT,GAS,BMU,Generation,YES,53.2322,-3.0813,
CNQPS-4,T_CNQPS-4,Primary BMU,CCGT,GAS,BMU,Generation,YES,53.2322,-3.0813,
CONTB-1,E_CONTB-1,Primary BMU,OTHER,BATTERY,BMU,Bi-Directional,YES,50.95526,-0.162756,
CORB-1,E_CORB-1,Primary BMU,CCGT,CCGT,BMU,Generation,,52.5109,-0.68139,
CORY-1,,Primary BMU,CCGT,CCGT,BMU,Generation,YES,,,
COSO-1,T_COSO-1,Primary BMU,CCGT,GAS,BMU,Generation,YES,51.512,0.508,
COTPS-1,,Primary BMU,COAL,COAL,BMU,Generation,YES,,,
COTPS-2,,Primary BMU,WIND,COAL,BMU,Generation,,,,
COTPS-4,,Primary BMU,WIND,COAL,BMU,Generation,,,,
COUWW-1,T_COUWW-1,Primary BMU,WIND,WIND,BMU,Generation,,55.680679071938755,-5.484928577654593,3772.0
COVNB-1,T_COVNB-1,Primary BMU,OTHER,BATTERY,BMU,Bi-Directional,YES,,,
COWB-1,T_COWB-1,Primary BMU,OTHER,BATTERY,BMU,Bi-Directional,YES,51.709925,-1.189058,
COWE1,E_COWE1,Primary BMU,OCGT,OCGT,BMU,Generation,,50.7459,-1.2864,
COWE2,E_COWE2,Primary BMU,OCGT,OCGT,BMU,Generation,YES,50.7459,-1.2864,
CRAGW-1,,Primary BMU,WIND,WIND,BMU,Generation,YES,,,
CRDEW-2,T_CRDEW-2,Primary BMU,WIND,WIND,BMU,Generation,,55.1761484100541,-3.1728699866762597,4633.0
CREAW-1,T_CREAW-1,Primary BMU,WIND,WIND,BMU,Generation,YES,58.2193005628183,-4.511210384197758,4300.0
CRGHW-1,T_CRGHW-1,Primary BMU,WIND,WIND,BMU,Generation,YES,56.339010418949655,-5.294537321952413,4619.0
CRGTW-1,E_CRGTW-1,Primary BMU,WIND,WIND,BMU,Generation,YES,54.86847106642369,-5.087127283908616,4465.0
CRMLW-1,T_CRMLW-1,Primary BMU,WIND,WIND,BMU,Generation,YES,57.66872565617344,-4.773018029760207,4120.0
CROYD-2,E_CROYD-2,Primary BMU,OCGT,OCGT,BMU,Generation,YES,51.37644,-0.11637,
CRSSB-1,E_CRSSB-1,Primary BMU,OTHER,BATTERY,BMU,Bi-Directional,,,,
CRUA-1,T_CRUA-1,Primary BMU,PS,PS,BMU,Bi-Directional,,56.40638889,-5.11305556,6841.0
CRUA-2,T_CRUA-2,Primary BMU,PS,PS,BMU,Bi-Directional,YES,56.40638889,-5.11305556,6841.0
CRUA-3,T_CRUA-3,Primary BMU,PS,PS,BMU,Bi-Directional,YES,56.40638889,-5.11305556,6841.0
CRUA-4,T_CRUA-4,Primary BMU,PS,PS ,BMU,Bi-Directional,YES,56.40638889,-5.11305556,6841.0
CRUAD-1,T_CRUAD-1,Primary BMU,OTHER,OTHER,BMU,Demand,YES,,,
CRYRW-2,T_CRYRW-2,Primary BMU,WIND,WIND,BMU,Generation,,55.9,-2.55,4215.0
CRYRW-3,T_CRYRW-3,Primary BMU,WIND,WIND,BMU,Generation,YES,55.9,-2.55,4215.0
CULL-1,,Primary BMU,NPSHYD,NPSHYD,BMU,Generation,YES,,,
CULL-2,,Primary BMU,NPSHYD,NPSHYD,BMU,Generation,,,,
CUMHW-1,T_CUMHW-1,Primary BMU,WIND,WIND,BMU,Generation,,55.57184310955335,-3.958943965526721,5455.0
CUPAB-1,E_CUPAB-1,Primary BMU,OTHER,BATTERY,BMU,Bi-Directional,YES,,,
CUXTB-1,,Primary BMU,OTHER,BATTERY,BMU,Bi-Directional,YES,,,
CWMD-1,E_CWMD-1,Primary BMU,NPSHYD,NPSHYD,BMU,Generation,,53.0659,-4.0115,
DALQW-1,T_DALQW-1,Primary BMU,WIND,WIND,BMU,Generation,,55.18060663369498,-4.909575510558889,4189.0
DALRD-1,T_DALRD-1,Primary BMU,OTHER,OTHER,BMU,Demand,YES,,,
DALSW-1,E_DALSW-1,Primary BMU,WIND,WIND,BMU,Generation,,55.184097127748174,-3.650562297931761,4520.0
DAMC-1,T_DAMC-1,Primary BMU,CCGT,GAS,BMU,Generation,YES,51.4254,0.6001,
DBAWO-1,T_DBAWO-1,Primary BMU,WIND,WIND,BMU,Generation,YES,54.7489,1.9301,
DBAWO-2,T_DBAWO-2,Primary BMU,WIND,WIND,BMU,Generation,YES,54.7489,1.9301,
DBAWO-3,T_DBAWO-3,Primary BMU,WIND,WIND,BMU,Generation,YES,54.7489,1.9301,
DBAWO-4,T_DBAWO-4,Primary BMU,WIND,WIND,BMU,Generation,YES,54.7489,1.9301,
DBAWO-5,T_DBAWO-5,Primary BMU,WIND,WIND,BMU,Generation,YES,54.7489,1.9301,
DBFRM-1,E_DBFRM-1,Primary BMU,CCGT,CCGT,BMU,Generation,YES,50.861673,-1.153879,
DDGNO-1,T_DDGNO-1,Primary BMU,WIND,WIND,BMU,Generation,,53.249,1.39,2538.0
DDGNO-2,T_DDGNO-2,Primary BMU,WIND,WIND,BMU,Generation,YES,53.249,1.39,2538.0
DDGNO-3,T_DDGNO-3,Primary BMU,WIND,WIND,BMU,Generation,YES,53.249,1.39,2538.0
DDGNO-4,T_DDGNO-4,Primary BMU,WIND,WIND,BMU,Generation,YES,53.249,1.39,2538.0
DEAN-1,,Primary BMU,NPSHYD,NPSHYD,BMU,Generation,YES,,,
DEAN-2,,Primary BMU,NPSHYD,NPSHYD,BMU,Generation,,,,
DEAND-1,T_DEAND-1,Primary BMU,OTHER,OTHER,BMU,Demand,,,,
DEEPS-1,,Primary BMU,CCGT,CCGT,BMU,Generation,,,,
DERBY-2,E_DERBY-1,Primary BMU,OCGT,OCGT,BMU,Generation,,,,
DERW-1,E_DERW-1,Primary BMU,CCGT,GAS,BMU,Generation,,52.9064,-1.4007,
DIDC01G,E_DIDC1G,Primary BMU,OCGT,OCGT,BMU,Generation,,51.6245,-1.2639,
DIDC02G,E_DIDC2G,Primary BMU,OCGT,OCGT,BMU,Generation,YES,51.6245,-1.2639,
DIDC03G,E_DIDC3G,Primary BMU,OCGT,OCGT,BMU,Generation,YES,51.6245,-1.2639,
DIDC04G,E_DIDC4G,Primary BMU,OCGT,OCGT,BMU,Generation,YES,51.6245,-1.2639,
DIDCB5,T_DIDCB5,Primary BMU,CCGT,GAS,BMU,Generation,YES,51.6254,-1.268,
DIDCB6,T_DIDCB6,Primary BMU,CCGT,GAS,BMU,Generation,YES,51.6254,-1.268,
DINO-1,T_DINO-1,Primary BMU,PS,PS,BMU,Bi-Directional,YES,53.117842582,-4.107341766,6839.0
DINO-2,T_DINO-2,Primary BMU,PS,PS,BMU,Bi-Directional,YES,53.117842582,-4.107341766,6839.0
DINO-3,T_DINO-3,Primary BMU,PS,PS,BMU,Bi-Directional,YES,53.117842582,-4.107341766,6839.0
DINO-4,T_DINO-4,Primary BMU,PS,PS,BMU,Bi-Directional,YES,53.117842582,-4.107341766,6839.0
DINO-5,T_DINO-5,Primary BMU,PS,PS,BMU,Bi-Directional,YES,53.117842582,-4.107341766,6839.0
DINO-6,T_DINO-6,Primary BMU,PS,PS,BMU,Bi-Directional,YES,53.117842582,-4.107341766,6839.0
DNBAR-1,2__NSMAE001,Primary BMU,BIOMASS,BIOMASS,EELPS,Generation,YES,,,
DNGB21,T_DNGB21,Primary BMU,NUCLEAR,NUCLEAR,BMU,Generation,YES,50.9134,0.95976,
DNGB22,T_DNGB22,Primary BMU,NUCLEAR,NUCLEAR,BMU,Generation,,50.9134,0.95976,
DNGBD-1,T_DNGB-D,Primary BMU,OTHER,OTHER,BMU,Demand,,50.9134,0.95976,
DNLWW-1,T_DNLWW-1,Primary BMU,WIND,WIND,BMU,Generation,,55.805307,-2.8512555,3579.0
DOLLB-1,E_DOLLB-1,Primary BMU,OTHER,BATTERY,BMU,Bi-Directional,YES,51.59368448458416,0.5638333627174691,7088.0
DOREW-1,T_DOREW-1,Primary BMU,WIND,WIND,BMU,Generation,YES,57.35089948926072,-3.131680915723891,4244.0
DOREW-2,T_DOREW-2,Primary BMU,WIND,WIND,BMU,Generation,YES,57.35089948926072,-3.131680915723891,4244.0
DOUGW-1,T_DOUGW-1,Primary BMU,WIND,WIND,BMU,Generation,YES,55.58735750575258,-3.890103833051069,5393.0
DOWL-1,E_DOWL-1,Primary BMU,CCGT,CCGT,BMU,Generation,YES,,,
DRAXD-1,E__MDRX001,Primary BMU,BIOMASS,COAL,BMU,Demand,,,,
DRAXD-2,E__MDRX002,Primary BMU,OCGT,COAL,BMU,Demand,,53.7358,-0.996389,175.0
DRAXX-1,T_DRAXX-1,Primary BMU,BIOMASS,BIOMASS,BMU,Generation,,53.7358,-0.996389,175.0
DRAXX-10G,T_DRAXX-10G,Primary BMU,OCGT,OCGT,BMU,Generation,YES,,,
DRAXX-12G,T_DRAXX-12G,Primary BMU,OCGT,OCGT,BMU,Generation,YES,,,
DRAXX-2,T_DRAXX-2,Primary BMU,BIOMASS,BIOMASS,BMU,Generation,YES,53.7358,-0.996389,175.0
DRAXX-3,T_DRAXX-3,Primary BMU,BIOMASS,BIOMASS,BMU,Generation,YES,53.7358,-0.996389,175.0
DRAXX-4,T_DRAXX-4,Primary BMU,BIOMASS,BIOMASS,BMU,Generation,YES,53.7358,-0.996389,175.0
DRAXX-5,T_DRAXX-5,Primary BMU,BIOMASS,COAL,BMU,Generation,YES,53.7358,-0.996389,175.0
DRAXX-6,T_DRAXX-6,Primary BMU,BIOMASS,COAL,BMU,Generation,YES,53.7358,-0.996389,175.0
DRAXX-9G,T_DRAXX-9G,Primary BMU,OCGT,OCGT,BMU,Generation,YES,,,
DRSLW-1,T_DRSLW-1,Primary BMU,WIND,WIND,BMU,Generation,YES,55.30425719972251,-4.488218013953557,4269.0
DUNGW-1,T_DUNGW-1,Primary BMU,WIND,WIND,BMU,Generation,YES,57.25148006944491,-4.255802337851775,4118.0
EAAO-1,T_EAAO-1,Primary BMU,WIND,WIND,BMU,Generation,YES,52.66,2.3,2524.0
EAAO-2,T_EAAO-2,Primary BMU,WIND,WIND,BMU,Generation,YES,52.66,2.3,2524.0
EAD-BRTN1,I_EAD-BRTN1,Primary BMU,INTBN,OTHER,BMU,Demand,YES,,,
EAD-ELEC1,I_EAD-ELEC1,Primary BMU,INTIRL,OTHER,BMU,Demand,,,,
EAD-EWIC1,I_EAD-EWIC1,Primary BMU,INTEW,OTHER,BMU,Demand,,,,
EAD-FRAN1,I_EAD-FRAN1,Primary BMU,INTFR,OTHER,BMU,Demand,,,,
EAD-IFA2,I_EAD-IFA2,Primary BMU,INTBN,OTHER,BMU,Demand,,,,
EAD-MOYL1,I_EAD-MOYL1,Primary BMU,INTIRL,OTHER,BMU,Demand,,,,
EAD-NSL1,I_EAD-NSL1,Primary BMU,OTHER,OTHER,BMU,Demand,,,,
EAD-VKL1,I_EAD-VKL1,Primary BMU,OTHER,OTHER,BMU,Demand,,,,
EAG-BRTN1,I_EAG-BRTN1,Primary BMU,INTBN,OTHER,BMU,Generation,,,,
EAG-ELEC1,I_EAG-ELEC1,Primary BMU,INTIRL,OTHER,BMU,Generation,,,,
EAG-EWIC1,I_EAG-EWIC1,Primary BMU,INTEW,OTHER,BMU,Generation,,,,
EAG-FRAN1,I_EAG-FRAN1,Primary BMU,INTFR,OTHER,BMU,Generation,,,,
EAG-IFA2,I_EAG-IFA2,Primary BMU,INTBN,OTHER,BMU,Generation,,,,
EAG-MOYL1,I_EAG-MOYL1,Primary BMU,INTIRL,OTHER,BMU,Generation,,,,
EAG-NSL1,I_EAG-NSL1,Primary BMU,OTHER,OTHER,BMU,Generation,,,,
EAG-VKL1,I_EAG-VKL1,Primary BMU,OTHER,OTHER,BMU,Generation,,,,
EAS-ATL01,2__AIMPO000,Primary BMU,OTHER,OTHER,BMU,Demand,,,,
EAS-AXPO1,2__AAXPO000,Primary BMU,OTHER,OTHER,BMU,Demand,,,,
EAS-BGS01,2__ABGAS000,Primary BMU,OTHER,OTHER,BMU,Demand,,,,
EAS-BIZ01,2__ABIZZ000,Primary BMU,OTHER,OTHER,BMU,Demand,,,,
EAS-EDF01,2__AEDFE000,Primary BMU,OTHER,OTHER,BMU,Demand,,,,
EAS-EDR01,2__AEDIR000,Primary BMU,OTHER,OTHER,BMU,Demand,,,,
EAS-ENR01,2__AENRD000,Primary BMU,OTHER,OTHER,BMU,Demand,,,,
EAS-EON01,2__AEOND000,Primary BMU,OTHER,OTHER,BMU,Demand,,,,
EAS-GDF01,2__ARWED000,Primary BMU,OTHER,OTHER,BMU,Demand,,,,
EAS-HPW01,2__AHPOW000,Primary BMU,OTHER,OTHER,BMU,Demand,,,,
EAS-HVN01,2__AHAVE000,Primary BMU,OTHER,OTHER,BMU,Demand,,,,
EAS-LON01,2__ALOND000,Primary BMU,OTHER,OTHER,BMU,Demand,,,,
EAS-MID01,,Primary BMU,OTHER,OTHER,BMU,Demand,,,,
EAS-MNW01,2__AMANW000,Primary BMU,OTHER,OTHER,BMU,Demand,,,,
EAS-MSG01,,Primary BMU,OTHER,OTHER,BMU,Demand,,,,
EAS-NPE01,2__ANATP000,Primary BMU,OTHER,OTHER,BMU,Demand,,,,
EAS-OCT01,2__AMRCY000,Primary BMU,OTHER,OTHER,BMU,Demand,,,,
EAS-OGA01,2__AOGAS000,Primary BMU,OTHER,OTHER,BMU,Demand,,,,
EAS-PGE01,2__AEMEB000,Primary BMU,OTHER,OTHER,BMU,Demand,,,,
EAS-PGU01,2__APGEN000,Primary BMU,OTHER,OTHER,BMU,Demand,,,,
EAS-SEE01,2__ASEEB000,Primary BMU,OTHER,OTHER,BMU,Demand,,,,
EAS-SEL01,2__ASMAR000,Primary BMU,OTHER,OTHER,BMU,Demand,,,,
EAS-SPC01,2__ASPOW000,Primary BMU,OTHER,OTHER,BMU,Demand,,,,
EAS-SSE01,2__AHYDE000,Primary BMU,OTHER,OTHER,BMU,Demand,,,,
EAS-STH01,2__ASOUT000,Primary BMU,OTHER,OTHER,BMU,Demand,,,,
EAS-SWA01,2__ASWAE000,Primary BMU,OTHER,OTHER,BMU,Demand,,,,
EAS-SWT01,2__ASWEB000,Primary BMU,OTHER,OTHER,BMU,Demand,,,,
EAS-TFE01,2__ATGPL000,Primary BMU,OTHER,OTHER,BMU,Demand,,,,
EASTH-1,,Primary BMU,NPSHYD,NPSHYD,BMU,Generation,,,,
ECCFD-1,T_ECCFD-1,Primary BMU,OTHER,OTHER,BMU,Demand,,,,
ECEN01,2__ECNDL001,Primary BMU,OTHER,GAS,BMU,Generation,,,,
EDINW-1,T_EDINW-1,Primary BMU,WIND,WIND,BMU,Generation,,57.46912682028171,-6.432206098199517,4674.0
EECL-1,T_EECL-1,Primary BMU,CCGT,GAS,BMU,Generation,YES,51.6628,-0.0227778,
EGLSD-1,T_EGLSD-1,Primary BMU,OTHER,OTHER,BMU,Demand,YES,,,
ELVAD-1,T_ELVAD-1,Primary BMU,OTHER,OTHER,BMU,Demand,,,,
EMD-ATL01,2__BIMPO000,Primary BMU,OTHER,OTHER,BMU,Demand,,,,
EMD-AXPO1,2__BAXPO000,Primary BMU,OTHER,OTHER,BMU,Demand,,,,
EMD-BGS01,2__BBGAS000,Primary BMU,OTHER,OTHER,BMU,Demand,,,,
EMD-BIZ01,2__BBIZZ000,Primary BMU,OTHER,OTHER,BMU,Demand,,,,
EMD-EDF01,2__BEDFE000,Primary BMU,OTHER,OTHER,BMU,Demand,,,,
EMD-EDR01,2__BEDIR000,Primary BMU,OTHER,OTHER,BMU,Demand,,,,
EMD-ENR01,2__BENRD000,Primary BMU,OTHER,OTHER,BMU,Demand,,,,
EMD-EON01,2__BEOND000,Primary BMU,OTHER,OTHER,BMU,Demand,,,,
EMD-GDF01,2__BRWED000,Primary BMU,OTHER,OTHER,BMU,Demand,,,,
EMD-HPW01,2__BHPOW000,Primary BMU,OTHER,OTHER,BMU,Demand,,,,
EMD-HVN01,2__BHAVE000,Primary BMU,OTHER,OTHER,BMU,Demand,,,,
EMD-LON01,2__BLOND000,Primary BMU,OTHER,OTHER,BMU,Demand,,,,
EMD-MID01,,Primary BMU,OTHER,OTHER,BMU,Demand,,,,
EMD-MNW01,2__BMANW000,Primary BMU,OTHER,OTHER,BMU,Demand,,,,
EMD-MSG01,,Primary BMU,OTHER,OTHER,BMU,Demand,,,,
EMD-NPE01,2__BNATP000,Primary BMU,OTHER,OTHER,BMU,Demand,,,,
EMD-OCT01,2__BMRCY000,Primary BMU,OTHER,OTHER,BMU,Demand,,,,
EMD-OGA01,2__BOGAS000,Primary BMU,OTHER,OTHER,BMU,Demand,,,,
EMD-PGE01,2__BEMEB000,Primary BMU,OTHER,OTHER,BMU,Demand,,,,
EMD-PGU01,2__BPGEN000,Primary BMU,OTHER,OTHER,BMU,Demand,,,,
EMD-SEE01,2__BSEEB000,Primary BMU,OTHER,OTHER,BMU,Demand,,,,
EMD-SEL01,2__BSMAR000,Primary BMU,OTHER,OTHER,BMU,Demand,,,,
EMD-SPC01,2__BSPOW000,Primary BMU,OTHER,OTHER,BMU,Demand,,,,
EMD-SSE01,2__BHYDE000,Primary BMU,OTHER,OTHER,BMU,Demand,,,,
EMD-STH01,2__BSOUT000,Primary BMU,OTHER,OTHER,BMU,Demand,,,,
EMD-SWA01,2__BSWAE000,Primary BMU,OTHER,OTHER,BMU,Demand,,,,
EMD-SWT01,2__BSWEB000,Primary BMU,OTHER,OTHER,BMU,Demand,,,,
EMD-TFE01,2__BTGPL000,Primary BMU,OTHER,OTHER,BMU,Demand,,,,
ENDRB-1,T_ENDRB-1,Primary BMU,OTHER,BATTERY,BMU,Bi-Directional,,,,
ENDSR-1,,Primary BMU,OTHER,OTHER,BMU,Demand,YES,,,
ERRO-1,T_ERRO-1,Primary BMU,NPSHYD,NPSHYD,BMU,Generation,,56.7644,-4.10523,
ERRO-2,T_ERRO-2,Primary BMU,NPSHYD,NPSHYD,BMU,Generation,YES,56.7644,-4.10523,
ERRO-3,T_ERRO-3,Primary BMU,NPSHYD,NPSHYD,BMU,Generation,YES,56.7644,-4.10523,
EWHLW-1,T_EWHLW-1,Primary BMU,WIND,WIND,BMU,Generation,YES,55.10709221706526,-3.333868979519691,3627.0
EXETR-2,E_EXETR-2,Primary BMU,OCGT,OCGT,BMU,Generation,YES,,,
FAARW-1,T_FARR-1,Primary BMU,WIND,WIND,BMU,Generation,,57.325,-4.09417,4676.0
FAARW-2,T_FARR-2,Primary BMU,WIND,WIND,BMU,Generation,YES,57.325,-4.09417,4676.0
FALGW-1,T_FALGW-1,Primary BMU,WIND,WIND,BMU,Generation,YES,55.83130753143639,-2.6880276875875873,4059.0
FARNB-1,E_FARNB-1,Primary BMU,OTHER,BATTERY,BMU,Bi-Directional,YES,,,
FASN-1,T_FASN-1,Primary BMU,NPSHYD,NPSHYD,BMU,Generation,,57.326083333,-4.794,390.0
FASN-4,E_FASN-4,Primary BMU,NPSHYD,NPSHYD,BMU,Generation,YES,57.326083333,-4.794,390.0
FASN2,T_FASN-2,Primary BMU,NPSHYD,NPSHYD,BMU,Generation,YES,57.326083333,-4.794,390.0
FASN3,E_FASN-3,Primary BMU,NPSHYD,NPSHYD,BMU,Generation,YES,57.326083333,-4.794,390.0
FAWN-1,E_FAWN-1,Primary BMU,CCGT,CCGT,BMU,Generation,YES,,,
FBPG01,2__FBPGM001,Primary BMU,OTHER,BATTERY,BMU,Bi-Directional,YES,,,
FBPG02,2__FBPGM002,Primary BMU,OTHER,BATTERY,BMU,Bi-Directional,,,,
FDUNT-1,E_FDUN-1,Primary BMU,OCGT,OCGT,BMU,Generation,,,,
FELL-1,E_FELL-1,Primary BMU,CCGT,GAS,BMU,Generation,,,,
FERRB-1,,Primary BMU,OTHER,BATTERY,BMU,Bi-Directional,YES,,,
FERRB-2,,Primary BMU,OTHER,BATTERY,BMU,Bi-Directional,,,,
FFES-1,T_FFES-1,Primary BMU,PS,PS,BMU,Bi-Directional,,52.9808,-3.96889,6840.0
FFES-2,T_FFES-2,Primary BMU,PS,PS,BMU,Bi-Directional,YES,52.9808,-3.96889,6840.0
FFES-3,T_FFES-3,Primary BMU,PS,PS,BMU,Bi-Directional,YES,52.9808,-3.96889,6840.0
FFES-4,T_FFES-4,Primary BMU,PS,PS,BMU,Bi-Directional,YES,52.9808,-3.96889,6840.0
FFSE01,2__FFSEN005,Primary BMU,OTHER,BATTERY,BMU,Bi-Directional,YES,,,
FFSE02,2__FFSEN007,Primary BMU,OTHER,BATTERY,BMU,Bi-Directional,,,,
FINL-1,T_FINL-1,Primary BMU,NPSHYD,NPSHYD,BMU,Generation,,56.4816,-4.29872,
FOXJD-1,,Primary BMU,CCGT,OTHER,BMU,Demand,YES,,,
FOXJD-2,,Primary BMU,OTHER,OTHER,BMU,Demand,,,,
FOYE-1,T_FOYE-1,Primary BMU,PS,PS,BMU,Bi-Directional,,57.262111111,-4.483527777,6842.0
FOYE-2,T_FOYE-2,Primary BMU,PS,PS,BMU,Bi-Directional,YES,57.262111111,-4.483527777,6842.0
FOYED-1,T_FOYED-1,Primary BMU,OTHER,OTHER,BMU,Demand,YES,57.262111111,-4.483527777,6842.0
FSDLW-1,T_FSDLW-1,Primary BMU,WIND,WIND,BMU,Generation,,55.77701055393305,-5.470638736814853,3886.0
FUABW-1,,Primary BMU,WIND,WIND,BMU,Generation,YES,,,
GABNE-1,,Primary BMU,WIND,WIND,BMU,Generation,,,,
GAOFO-1,T_GANW-11,Primary BMU,WIND,WIND,BMU,Generation,,51.771111111,1.992222222,2526.0
GAOFO-2,T_GANW-22,Primary BMU,WIND,WIND,BMU,Generation,YES,51.771111111,1.992222222,2526.0
GAOFO-3,T_GANW-13,Primary BMU,WIND,WIND,BMU,Generation,YES,51.771111111,1.992222222,2526.0
GAOFO-4,T_GANW-24,Primary BMU,WIND,WIND,BMU,Generation,YES,51.771111111,1.992222222,2526.0
GARBR-1,,Primary BMU,WIND,WIND,BMU,Generation,YES,,,
GCAAD-1,,Primary BMU,WIND,WIND,BMU,Generation,,,,
GCAAD-2,,Primary BMU,WIND,WIND,BMU,Generation,,,,
GCHAP-1,,Primary BMU,WIND,WIND,BMU,Generation,,,,
GCOAT-1,,Primary BMU,WIND,WIND,BMU,Generation,,,,
GCOUA-1,,Primary BMU,WIND,WIND,BMU,Generation,,,,
GCOYL-1,,Primary BMU,WIND,WIND,BMU,Generation,,,,
GCOYL-2,,Primary BMU,WIND,WIND,BMU,Generation,,,,
GCUMB-1,,Primary BMU,WIND,WIND,BMU,Generation,,,,
GDEVO-1,,Primary BMU,WIND,WIND,BMU,Generation,,,,
GDSTW-1,E_GDSTW-1,Primary BMU,WIND,WIND,BMU,Generation,,57.46192107232462,-2.4827606935747832,3666.0
GFLDW-1,E_GFLDW-1,Primary BMU,WIND,WIND,BMU,Generation,YES,53.6643,-0.8822,4373.0
GFSE02,,Primary BMU,OTHER,BATTERY,BMU,Bi-Directional,,,,
GHAV01,,Primary BMU,CCGT,CCGT,BMU,Generation,,,,
GLCHW-1,E_GLCHW-1,Primary BMU,WIND,WIND,BMU,Generation,,54.96342048614851,-4.754333642927352,4638.0
GLEN-1,,Primary BMU,NPSHYD,NPSHYD,BMU,Generation,YES,,,
GLEN-2,,Primary BMU,NPSHYD,NPSHYD,BMU,Generation,,,,
GLEND-1,T_GLEND-1,Primary BMU,OTHER,OTHER,BMU,Demand,,,,
GLLEH-1,,Primary BMU,NPSHYD,NPSHYD,BMU,Generation,,,,
GLNDO-1,T_GLNDO-1,Primary BMU,NPSHYD,NPSHYD,BMU,Generation,,57.093,-4.556,388.0
GLNKW-1,T_GLNKW-1,Primary BMU,WIND,WIND,BMU,Generation,YES,57.32073186592512,-4.0856501261904805,4371.0
GLOFW-1,E_GLOFW-1,Primary BMU,WIND,WIND,BMU,Generation,YES,57.414,-2.65,3311.0
GLWSW-1,T_GLWSW-1,Primary BMU,WIND,WIND,BMU,Generation,YES,55.53957495446019,-3.9754222827482066,4368.0
GNAPW-1,T_GNAPW-1,Primary BMU,WIND,WIND,BMU,Generation,YES,55.00066067963829,-4.989675973919238,4593.0
GNFSW-1,T_GNFSW-1,Primary BMU,WIND,WIND,BMU,Generation,YES,51.7394,1.17444,2490.0
GNFSW-2,T_GNFSW-2,Primary BMU,WIND,WIND,BMU,Generation,YES,51.7394,1.17444,2490.0
GORDW-1,T_GORDW-1,Primary BMU,WIND,WIND,BMU,Generation,YES,58.08821976861972,-3.9588616362831224,3435.0
GORDW-2,T_GORDW-2,Primary BMU,WIND,WIND,BMU,Generation,YES,58.08821976861972,-3.9588616362831224,3435.0
GOSHS-1,E_GOSHS-1,Primary BMU,CCGT,CCGT,BMU,Generation,YES,,,
GOWKD-1,T_GOWKD-1,Primary BMU,OTHER,OTHER,BMU,Demand,,,,
GPEHG-1,,Primary BMU,WIND,WIND,BMU,Generation,,,,
GPOOB-1,,Primary BMU,WIND,WIND,BMU,Generation,,,,
GRAI-6,T_GRAI-6,Primary BMU,CCGT,GAS,BMU,Generation,,51.443055555,0.708055555,
GRAI-7,T_GRAI-7,Primary BMU,CCGT,GAS,BMU,Generation,YES,51.443055555,0.708055555,
GRAI-8,T_GRAI-8,Primary BMU,CCGT,GAS,BMU,Generation,YES,51.443055555,0.708055555,
GRAI1G,T_GRAI1G,Primary BMU,OCGT,OCGT,BMU,Generation,YES,51.443055555,0.708055555,
GRAI4G,T_GRAI4G,Primary BMU,OCGT,OCGT,BMU,Generation,YES,51.443055555,0.708055555,
GRAISC-1,T_GRAISC-1,Primary BMU,OTHER,OTHER,BMU,Generation,YES,,,
GRAISC-2,T_GRAISC-2,Primary BMU,OTHER,OTHER,BMU,Generation,,,,
GRFLB-1,,Primary BMU,OTHER,BATTERY,BMU,Bi-Directional,,,,
GRGBW-1,T_GRGBW-1,Primary BMU,WIND,WIND,BMU,Generation,,51.88,1.94,2510.0
GRGBW-2,T_GRGBW-2,Primary BMU,WIND,WIND,BMU,Generation,YES,51.88,1.94,2510.0
GRGBW-3,T_GRGBW-3,Primary BMU,WIND,WIND,BMU,Generation,YES,51.88,1.94,2510.0
GRGRW-1,E_GRGRW-1,Primary BMU,WIND,WIND,BMU,Generation,YES,55.90107344734601,-3.912006838722235,4213.0
GRIFW-1,T_GRIFW-1,Primary BMU,WIND,WIND,BMU,Generation,YES,56.583251,-3.7435659,4028.0
GRIFW-2,T_GRIFW-2,Primary BMU,WIND,WIND,BMU,Generation,YES,56.583251,-3.7435659,4028.0
GRKNW-1,,Primary BMU,WIND,WIND,BMU,Generation,YES,,,
GRMO-1,T_GRMO-1,Primary BMU,CCGT,CCGT,BMU,Generation,,,,
GRTSC-1,,Primary BMU,OTHER,LOAD RESPONSE,BMU,Generation,YES,,,
GSACO-1,,Primary BMU,WIND,WIND,BMU,Generation,,,,
GSACO-2,,Primary BMU,WIND,WIND,BMU,Generation,,,,
GSMA03,2__GSMAE003,Primary BMU,CCGT,CCGT,BMU,Generation,,,,
GSTRI-3,,Primary BMU,WIND,WIND,BMU,Generation,,,,
GTAYN-1,,Primary BMU,WIND,WIND,BMU,Generation,,,,
GTHSO-1,,Primary BMU,WIND,WIND,BMU,Generation,,,,
GTHSO-2,,Primary BMU,WIND,WIND,BMU,Generation,,,,
GYAR-1,E_GYAR-1,Primary BMU,CCGT,GAS,BMU,Generation,,52.5839,1.73326,
GYMRO-15,T_GYMR-15,Primary BMU,WIND,WIND,BMU,Generation,YES,53.45,-3.58333333,2543.0
GYMRO-17,T_GYMR-17,Primary BMU,WIND,WIND,BMU,Generation,YES,53.45,-3.58333333,2543.0
GYMRO-26,T_GYMR-26,Primary BMU,WIND,WIND,BMU,Generation,YES,53.45,-3.58333333,2543.0
GYMRO-28,T_GYMR-28,Primary BMU,WIND,WIND,BMU,Generation,YES,53.45,-3.58333333,2543.0
HADHW-1,T_HADHW-1,Primary BMU,WIND,WIND,BMU,Generation,YES,55.2458,-4.72306,3109.0
HALSW-1,T_HALSW-1,Primary BMU,WIND,WIND,BMU,Generation,YES,58.43089974308122,-3.4444471502354204,4636.0
HAWFW-1,,Primary BMU,WIND,WIND,BMU,Generation,YES,,,
HAWKB-1,E_HAWKB-1,Primary BMU,OTHER,BATTERY,BMU,Bi-Directional,YES,51.013772,-2.208174,
HBHDW-1,E_HBHDW-1,Primary BMU,WIND,WIND,BMU,Generation,,55.80868120217947,-3.5321721583194177,4225.0
HEYM11,T_HEYM11,Primary BMU,NUCLEAR,NUCLEAR,BMU,Generation,YES,54.0304,-2.91719,
HEYM12,T_HEYM12,Primary BMU,NUCLEAR,NUCLEAR,BMU,Generation,YES,54.0304,-2.91719,
HEYM27,T_HEYM27,Primary BMU,NUCLEAR,NUCLEAR,BMU,Generation,YES,54.0273,-2.91504,
HEYM28,T_HEYM28,Primary BMU,NUCLEAR,NUCLEAR,BMU,Generation,YES,54.0273,-2.91504,
HEYM2D-1,T_HEYM2-D,Primary BMU,OTHER,OTHER,BMU,Demand,YES,54.0273,-2.91504,
HFSE01,,Primary BMU,OTHER,BATTERY,BMU,Bi-Directional,,,,
HFSE02,2__HFSEN006,Primary BMU,OTHER,BATTERY,BMU,Bi-Directional,,,,
HINB-7,T_HINB-7,Primary BMU,NUCLEAR,NUCLEAR,BMU,Generation,,51.2088898,-3.1280887,
HINB-8,T_HINB-8,Primary BMU,NUCLEAR,NUCLEAR,BMU,Generation,,51.2088898,-3.1280887,
HIRWN-1,T_HIRWN-1,Primary BMU,OCGT,OCGT,BMU,Generation,,,,
HLGLW-1,E_HLGLW-1,Primary BMU,WIND,WIND,BMU,Generation,,57.51052023330882,-3.615587121855942,4381.0
HLTWW-1,E_HLTWW-1,Primary BMU,WIND,WIND,BMU,Generation,YES,57.62284105863536,-3.341046113585472,4014.0
HMGTO-1,T_HMGTO-1,Primary BMU,WIND,WIND,BMU,Generation,YES,53.644,0.293,2544.0
HMGTO-2,T_HMGTO-2,Primary BMU,WIND,WIND,BMU,Generation,YES,53.644,0.293,2544.0
HOWAO-1,T_HOWAO-1,Primary BMU,WIND,WIND,BMU,Generation,YES,53.885,1.791,2525.0
HOWAO-2,T_HOWAO-2,Primary BMU,WIND,WIND,BMU,Generation,YES,53.885,1.791,2525.0
HOWAO-3,T_HOWAO-3,Primary BMU,WIND,WIND,BMU,Generation,YES,53.885,1.791,2525.0
HOWBO-1,T_HOWBO-1,Primary BMU,WIND,WIND,BMU,Generation,YES,53.91,1.5518,2502.0
HOWBO-2,T_HOWBO-2,Primary BMU,WIND,WIND,BMU,Generation,YES,53.91,1.5518,2502.0
HOWBO-3,T_HOWBO-3,Primary BMU,WIND,WIND,BMU,Generation,YES,53.91,1.5518,2502.0
HRSTB-1,T_HRSTB-1,Primary BMU,OTHER,BATTERY,BMU,Bi-Directional,YES,,,
HRSTW-1,T_HRSTW-1,Primary BMU,WIND,WIND,BMU,Generation,,55.244384,-3.5596388,4119.0
HRTL-1,T_HRTL-1,Primary BMU,NUCLEAR,NUCLEAR,BMU,Generation,YES,54.635,-1.18083,
HRTL-2,T_HRTL-2,Primary BMU,NUCLEAR,NUCLEAR,BMU,Generation,YES,54.635,-1.18083,
HSSE01,2__HIMPO002,Primary BMU,OTHER,BATTERY,BMU,Bi-Directional,YES,,,
HUMR-1,T_HUMR-1,Primary BMU,CCGT,CCGT,BMU,Generation,,53.6383,-0.23328,
HUMR-2,T_HUMR-2,Primary BMU,OTHER,GAS,BMU,Generation,YES,,,
HYWDW-1,E_HYWDW-1,Primary BMU,WIND,WIND,BMU,Generation,,57.48333333,-1.35,2479.0
I2D-ALEU1,I_I2D-ALEU1,Primary BMU,OTHER,OTHER,BMU,Demand,YES,,,
I2D-ALIP1,I_I2D-ALIP1,Primary BMU,INTFR,OTHER,BMU,Demand,,,,
I2D-ARON1,I_I2D-ARON1,Primary BMU,INTFR,OTHER,BMU,Demand,,,,
I2D-AROS1,I_I2D-AROS1,Primary BMU,OTHER,OTHER,BMU,Demand,,,,
I2D-ATLS1,I_I2D-ATLS1,Primary BMU,OTHER,OTHER,BMU,Demand,,,,
I2D-AXPO1,I_I2D-AXPO1,Primary BMU,CCGT,OTHER,BMU,Demand,,,,
I2D-BAYW1,I_I2D-BAYW1,Primary BMU,OTHER,OTHER,BMU,Demand,,,,
I2D-BDEN1,I_I2D-BDEN1,Primary BMU,OTHER,OTHER,BMU,Demand,,,,
I2D-BKWE1,I_I2D-BKWE1,Primary BMU,,OTHER,BMU,Demand,,,,
I2D-BNPS1,I_I2D-BNPS1,Primary BMU,OTHER,OTHER,BMU,Demand,,,,
I2D-BPGM1,I_I2D-BPGM1,Primary BMU,OTHER,OTHER,BMU,Demand,,,,
I2D-CACM1,I_I2D-CACM1,Primary BMU,OTHER,OTHER,BMU,Demand,,,,
I2D-CBST1,I_I2D-CBST1,Primary BMU,OTHER,OTHER,BMU,Demand,,,,
I2D-CENT1,I_I2D-CENT1,Primary BMU,OTHER,OTHER,BMU,Demand,,,,
I2D-CETL1,I_I2D-CETL1,Primary BMU,INTFR,OTHER,BMU,Demand,,,,
I2D-CEZC1,I_I2D-CEZC1,Primary BMU,OTHER,OTHER,BMU,Demand,,,,
I2D-CFPE1,I_I2D-CFPE1,Primary BMU,OTHER,OTHER,BMU,Demand,,,,
I2D-CNGS1,I_I2D-CNGS1,Primary BMU,CCGT,OTHER,BMU,Demand,,,,
I2D-CNRE1,I_I2D-CNRE1,Primary BMU,OTHER,OTHER,BMU,Demand,,,,
I2D-COMM1,I_I2D-COMM1,Primary BMU,OTHER,OTHER,BMU,Demand,,,,
I2D-CONS1,I_I2D-CONS1,Primary BMU,INTFR,OTHER,BMU,Demand,,,,
I2D-CONV1,I_I2D-CONV1,Primary BMU,OTHER,OTHER,BMU,Demand,,,,
I2D-COPN1,I_I2D-COPN1,Primary BMU,OTHER,OTHER,BMU,Demand,,,,
I2D-DARE1,I_I2D-DARE1,Primary BMU,INTFR,OTHER,BMU,Demand,,,,
I2D-DMCC1,I_I2D-DMCC1,Primary BMU,INTFR,OTHER,BMU,Demand,,,,
I2D-DSKC1,I_I2D-DSKC1,Primary BMU,WIND,OTHER,BMU,Demand,,,,
I2D-DUEN1,I_I2D-DUEN1,Primary BMU,WIND,OTHER,BMU,Demand,,,,
I2D-DUGE1,I_I2D-DUGE1,Primary BMU,OTHER,OTHER,BMU,Demand,,,,
I2D-DVAL1,I_I2D-DVAL1,Primary BMU,OTHER,OTHER,BMU,Demand,,,,
I2D-EDFT1,I_I2D-EDFT1,Primary BMU,OTHER,OTHER,BMU,Demand,,,,
I2D-EDMK1,I_I2D-EDMK1,Primary BMU,,OTHER,BMU,Demand,,,,
I2D-ELEE1,I_I2D-ELEE1,Primary BMU,OTHER,OTHER,BMU,Demand,,,,
I2D-ELTR1,I_I2D-ELTR1,Primary BMU,,OTHER,BMU,Demand,,,,
I2D-ENBW1,I_I2D-ENBW1,Primary BMU,OTHER,OTHER,BMU,Demand,,,,
I2D-ENKI1,,Primary BMU,INTFR,OTHER,BMU,Demand,,,,
I2D-ENSC1,I_I2D-ENSC1,Primary BMU,OTHER,OTHER,BMU,Demand,,,,
I2D-ENSP1,I_I2D-ENSP1,Primary BMU,OTHER,OTHER,BMU,Demand,,,,
I2D-ENTC1,I_I2D-ENTC1,Primary BMU,OTHER,OTHER,BMU,Demand,,,,
I2D-EPCO1,I_I2D-EPCO1,Primary BMU,OTHER,OTHER,BMU,Demand,,,,
I2D-EWII1,I_I2D-EWII1,Primary BMU,OTHER,OTHER,BMU,Demand,,,,
I2D-EXXO1,I_I2D-EXXO1,Primary BMU,OTHER,OTHER,BMU,Demand,,,,
I2D-EZCO1,I_I2D-EZCO1,Primary BMU,OTHER,OTHER,BMU,Demand,,,,
I2D-EZPD1,I_I2D-EZPD1,Primary BMU,OTHER,OTHER,BMU,Demand,,,,
I2D-FLEX1,I_I2D-FLEX1,Primary BMU,OTHER,OTHER,BMU,Demand,,,,
I2D-GASE1,I_I2D-GASE1,Primary BMU,OTHER,OTHER,BMU,Demand,,,,
I2D-GAZP1,I_I2D-GAZP1,Primary BMU,,OTHER,BMU,Demand,,,,
I2D-GLEN1,I_I2D-GLEN1,Primary BMU,INTFR,OTHER,BMU,Demand,,,,
I2D-GRMC1,I_I2D-GRMC1,Primary BMU,OTHER,OTHER,BMU,Generation,,,,
I2D-GRMT1,I_I2D-GRMT1,Primary BMU,,OTHER,BMU,Demand,,,,
I2D-HART1,I_I2D-HART1,Primary BMU,INTFR,OTHER,BMU,Demand,,,,
I2D-HELI1,I_I2D-HELI1,Primary BMU,OTHER,OTHER,BMU,Demand,,,,
I2D-IBES1,I_I2D-IBES1,Primary BMU,OTHER,OTHER,BMU,Demand,,,,
I2D-INCM1,I_I2D-INCM1,Primary BMU,OTHER,OTHER,BMU,Demand,,,,
I2D-MCRA1,I_I2D-MCRA1,Primary BMU,OTHER,OTHER,BMU,Demand,,,,
I2D-MFTE1,I_I2D-MFTE1,Primary BMU,,OTHER,BMU,Demand,,,,
I2D-MQBN1,I_I2D-MQBN1,Primary BMU,OTHER,OTHER,BMU,Demand,,,,
I2D-NDPL1,,Primary BMU,,OTHER,BMU,Demand,,,,
I2D-NEAS1,I_I2D-NEAS1,Primary BMU,OTHER,OTHER,BMU,Demand,,,,
I2D-NEHO1,I_I2D-NEHO1,Primary BMU,,OTHER,BMU,Demand,,,,
I2D-NITR1,I_I2D-NITR1,Primary BMU,INTFR,OTHER,BMU,Demand,,,,
I2D-NORL1,I_I2D-NORL1,Primary BMU,INTFR,OTHER,BMU,Demand,,,,
I2D-NTPL1,I_I2D-NTPL1,Primary BMU,,OTHER,BMU,Demand,,,,
I2D-NVAL1,I_I2D-NVAL1,Primary BMU,OTHER,OTHER,BMU,Demand,,,,
I2D-OMPX1,I_I2D-OMPX1,Primary BMU,OTHER,OTHER,BMU,Demand,,,,
I2D-OPMX1,I_I2D-OPMX1,Primary BMU,OTHER,OTHER,BMU,Demand,,,,
I2D-OUTL1,I_I2D-OUTL1,Primary BMU,OTHER,OTHER,BMU,Demand,,,,
I2D-PEAK1,I_I2D-PEAK1,Primary BMU,OTHER,OTHER,BMU,Demand,,,,
I2D-PETC1,I_I2D-PETC1,Primary BMU,OTHER,OTHER,BMU,Demand,,,,
I2D-PLAN1,I_I2D-PLAN1,Primary BMU,INTFR,OTHER,BMU,Demand,,,,
I2D-PREP1,I_I2D-PREP1,Primary BMU,OTHER,OTHER,BMU,Demand,,,,
I2D-PWMR1,I_I2D-PWMR1,Primary BMU,OTHER,OTHER,BMU,Demand,,,,
I2D-QTPT1,I_I2D-QTPT1,Primary BMU,OTHER,OTHER,BMU,Demand,,,,
I2D-QUAR1,I_I2D-QUAR1,Primary BMU,OTHER,OTHER,BMU,Demand,,,,
I2D-QUEN1,I_I2D-QUEN1,Primary BMU,INTEW,OTHER,BMU,Demand,,,,
I2D-RESP1,I_I2D-RESP1,Primary BMU,INTFR,OTHER,BMU,Demand,,,,
I2D-RISQ1,I_I2D-RISQ1,Primary BMU,OTHER,OTHER,BMU,Demand,,,,
I2D-RWES1,I_I2D-RWES1,Primary BMU,INTFR,OTHER,BMU,Demand,,,,
I2D-SETL1,I_I2D-SETL1,Primary BMU,OTHER,OTHER,BMU,Demand,,,,
I2D-STAT1,I_I2D-STAT1,Primary BMU,OTHER,OTHER,BMU,Demand,,,,
I2D-STGS1,I_I2D-STGS1,Primary BMU,OTHER,OTHER,BMU,Demand,,,,
I2D-TGPL1,I_I2D-TGPL1,Primary BMU,,OTHER,BMU,Demand,,,,
I2D-TRFD1,I_I2D-TRFD1,Primary BMU,OTHER,OTHER,BMU,Demand,,,,
I2D-TRFG1,I_I2D-TRFG1,Primary BMU,INTFR,OTHER,BMU,Demand,,,,
I2D-TRGY1,,Primary BMU,OTHER,OTHER,BMU,Demand,,,,
I2D-TRLS1,I_I2D-TRLS1,Primary BMU,,OTHER,BMU,Demand,,,,
I2D-VOLT1,I_I2D-VOLT1,Primary BMU,OTHER,OTHER,BMU,Demand,,,,
I2D-VSAL1,I_I2D-VSAL1,Primary BMU,OTHER,OTHER,BMU,Demand,,,,
I2D-XNON1,I_I2D-XNON1,Primary BMU,OTHER,OTHER,BMU,Demand,,,,
I2G-ALEU1,I_I2G-ALEU1,Primary BMU,OTHER,OTHER,BMU,Generation,,,,
I2G-ALIP1,I_I2G-ALIP1,Primary BMU,INTFR,OTHER,BMU,Generation,,,,
I2G-ARON1,I_I2G-ARON1,Primary BMU,INTFR,OTHER,BMU,Generation,,,,
I2G-AROS1,I_I2G-AROS1,Primary BMU,OTHER,OTHER,BMU,Generation,,,,
I2G-ATLS1,I_I2G-ATLS1,Primary BMU,OTHER,OTHER,BMU,Generation,,,,
I2G-AXPO1,I_I2G-AXPO1,Primary BMU,OTHER,OTHER,BMU,Generation,,,,
I2G-BAYW1,I_I2G-BAYW1,Primary BMU,OTHER,OTHER,BMU,Generation,,,,
I2G-BDEN1,I_I2G-BDEN1,Primary BMU,OTHER,OTHER,BMU,Generation,,,,
I2G-BKWE1,I_I2G-BKWE1,Primary BMU,,OTHER,BMU,Generation,,,,
I2G-BNPS1,I_I2G-BNPS1,Primary BMU,OTHER,OTHER,BMU,Generation,,,,
I2G-BPGM1,I_I2G-BPGM1,Primary BMU,OTHER,OTHER,BMU,Generation,,,,
I2G-CACM1,I_I2G-CACM1,Primary BMU,OTHER,OTHER,BMU,Generation,,,,
I2G-CBST1,I_I2G-CBST1,Primary BMU,OTHER,OTHER,BMU,Generation,,,,
I2G-CENT1,I_I2G-CENT1,Primary BMU,OTHER,OTHER,BMU,Generation,,,,
I2G-CETL1,I_I2G-CETL1,Primary BMU,INTFR,OTHER,BMU,Generation,,,,
I2G-CEZC1,I_I2G-CEZC1,Primary BMU,OTHER,OTHER,BMU,Generation,,,,
I2G-CFPE1,I_I2G-CFPE1,Primary BMU,OTHER,OTHER,BMU,Generation,,,,
I2G-CNGS1,I_I2G-CNGS1,Primary BMU,,OTHER,BMU,Generation,,,,
I2G-CNRE1,I_I2G-CNRE1,Primary BMU,OTHER,OTHER,BMU,Generation,,,,
I2G-COMM1,I_I2G-COMM1,Primary BMU,OTHER,OTHER,BMU,Generation,,,,
I2G-CONS1,I_I2G-CONS1,Primary BMU,INTFR,OTHER,BMU,Generation,,,,
I2G-CONV1,I_I2G-CONV1,Primary BMU,OTHER,OTHER,BMU,Generation,,,,
I2G-COPN1,I_I2G-COPN1,Primary BMU,OTHER,OTHER,BMU,Generation,,,,
I2G-DARE1,I_I2G-DARE1,Primary BMU,INTFR,OTHER,BMU,Generation,,,,
I2G-DMCC1,I_I2G-DMCC1,Primary BMU,INTFR,OTHER,BMU,Generation,,,,
I2G-DSKC1,I_I2G-DSKC1,Primary BMU,WIND,OTHER,BMU,Generation,,,,
I2G-DUEN1,I_I2G-DUEN1,Primary BMU,OTHER,OTHER,BMU,Generation,,,,
I2G-DUGE1,I_I2G-DUGE1,Primary BMU,OTHER,OTHER,BMU,Generation,,,,
I2G-DVAL1,I_I2G-DVAL1,Primary BMU,OTHER,OTHER,BMU,Generation,,,,
I2G-EDFT1,I_I2G-EDFT1,Primary BMU,OTHER,OTHER,BMU,Generation,,,,
I2G-EDMK1,I_I2G-EDMK1,Primary BMU,,OTHER,BMU,Generation,,,,
I2G-ELEE1,I_I2G-ELEE1,Primary BMU,OTHER,OTHER,BMU,Generation,,,,
I2G-ELTR1,I_I2G-ELTR1,Primary BMU,,OTHER,BMU,Generation,,,,
I2G-ENBW1,I_I2G-ENBW1,Primary BMU,OTHER,OTHER,BMU,Generation,,,,
I2G-ENKI1,,Primary BMU,INTFR,OTHER,BMU,Generation,,,,
I2G-ENSC1,I_I2G-ENSC1,Primary BMU,OTHER,OTHER,BMU,Generation,,,,
I2G-ENSP1,I_I2G-ENSP1,Primary BMU,OTHER,OTHER,BMU,Generation,,,,
I2G-ENTC1,I_I2G-ENTC1,Primary BMU,OTHER,OTHER,BMU,Generation,,,,
I2G-EPCO1,I_I2G-EPCO1,Primary BMU,OTHER,OTHER,BMU,Generation,,,,
I2G-EWII1,I_I2G-EWII1,Primary BMU,OTHER,OTHER,BMU,Generation,,,,
I2G-EXXO1,I_I2G-EXXO1,Primary BMU,OTHER,OTHER,BMU,Generation,,,,
I2G-EZCO1,I_I2G-EZCO1,Primary BMU,OTHER,OTHER,BMU,Generation,,,,
I2G-EZPD1,I_I2G-EZPD1,Primary BMU,OTHER,OTHER,BMU,Generation,,,,
I2G-FLEX1,I_I2G-FLEX1,Primary BMU,OTHER,OTHER,BMU,Generation,,,,
I2G-GASE1,I_I2G-GASE1,Primary BMU,OTHER,OTHER,BMU,Generation,,,,
I2G-GAZP1,I_I2G-GAZP1,Primary BMU,,OTHER,BMU,Generation,,,,
I2G-GLEN1,I_I2G-GLEN1,Primary BMU,INTFR,OTHER,BMU,Generation,,,,
I2G-GRMC1,I_I2G-GRMC1,Primary BMU,OTHER,OTHER,BMU,Generation,,,,
I2G-GRMT1,I_I2G-GRMT1,Primary BMU,,OTHER,BMU,Generation,,,,
I2G-HART1,I_I2G-HART1,Primary BMU,INTFR,OTHER,BMU,Generation,,,,
I2G-HELI1,I_I2G-HELI1,Primary BMU,OTHER,OTHER,BMU,Generation,,,,
I2G-IBES1,I_I2G-IBES1,Primary BMU,OTHER,OTHER,BMU,Generation,,,,
I2G-INCM1,I_I2G-INCM1,Primary BMU,OTHER,OTHER,BMU,Generation,,,,
I2G-MCRA1,I_I2G-MCRA1,Primary BMU,OTHER,OTHER,BMU,Generation,,,,
I2G-MFTE1,I_I2G-MFTE1,Primary BMU,,OTHER,BMU,Generation,,,,
I2G-MQBN1,I_I2G-MQBN1,Primary BMU,OTHER,OTHER,BMU,Generation,,,,
I2G-NDPL1,,Primary BMU,,OTHER,BMU,Generation,,,,
I2G-NEAS1,I_I2G-NEAS1,Primary BMU,OTHER,OTHER,BMU,Generation,,,,
I2G-NEHO1,I_I2G-NEHO1,Primary BMU,,OTHER,BMU,Generation,,,,
I2G-NITR1,I_I2G-NITR1,Primary BMU,INTFR,OTHER,BMU,Generation,,,,
I2G-NORL1,I_I2G-NORL1,Primary BMU,INTFR,OTHER,BMU,Generation,,,,
I2G-NTPL1,I_I2G-NTPL1,Primary BMU,INTBN,OTHER,BMU,Generation,,,,
I2G-NVAL1,I_I2G-NVAL1,Primary BMU,OTHER,OTHER,BMU,Generation,,,,
I2G-OMPX1,I_I2G-OMPX1,Primary BMU,OTHER,OTHER,BMU,Generation,,,,
I2G-OPMX1,I_I2G-OPMX1,Primary BMU,OTHER,OTHER,BMU,Generation,,,,
I2G-OUTL1,I_I2G-OUTL1,Primary BMU,OTHER,OTHER,BMU,Generation,,,,
I2G-PEAK1,I_I2G-PEAK1,Primary BMU,OTHER,OTHER,BMU,Generation,,,,
I2G-PETC1,I_I2G-PETC1,Primary BMU,OTHER,OTHER,BMU,Generation,,,,
I2G-PLAN1,I_I2G-PLAN1,Primary BMU,INTFR,OTHER,BMU,Generation,,,,
I2G-PREP1,I_I2G-PREP1,Primary BMU,OTHER,OTHER,BMU,Generation,,,,
I2G-PWMR1,I_I2G-PWMR1,Primary BMU,OTHER,OTHER,BMU,Generation,,,,
I2G-QTPT1,I_I2G-QTPT1,Primary BMU,OTHER,OTHER,BMU,Generation,,,,
I2G-QUAR1,I_I2G-QUAR1,Primary BMU,INTFR,OTHER,BMU,Generation,,,,
I2G-QUEN1,I_I2G-QUEN1,Primary BMU,INTEW,OTHER,BMU,Generation,,,,
I2G-RESP1,I_I2G-RESP1,Primary BMU,INTFR,OTHER,BMU,Generation,,,,
I2G-RISQ1,I_I2G-RISQ1,Primary BMU,OTHER,OTHER,BMU,Generation,,,,
I2G-RWES1,I_I2G-RWES1,Primary BMU,INTFR,OTHER,BMU,Generation,,,,
I2G-SETL1,I_I2G-SETL1,Primary BMU,OTHER,OTHER,BMU,Generation,,,,
I2G-STAT1,I_I2G-STAT1,Primary BMU,OTHER,OTHER,BMU,Generation,,,,
I2G-STGS1,I_I2G-STGS1,Primary BMU,OTHER,OTHER,BMU,Generation,,,,
I2G-TGPL1,I_I2G-TGPL1,Primary BMU,,OTHER,BMU,Generation,,,,
I2G-TRFD1,I_I2G-TRFD1,Primary BMU,OTHER,OTHER,BMU,Generation,,,,
I2G-TRFG1,I_I2G-TRFG1,Primary BMU,INTFR,OTHER,BMU,Generation,,,,
I2G-TRGY1,,Primary BMU,OTHER,OTHER,BMU,Generation,,,,
I2G-TRLS1,I_I2G-TRLS1,Primary BMU,,OTHER,BMU,Generation,,,,
I2G-VOLT1,I_I2G-VOLT1,Primary BMU,OTHER,OTHER,BMU,Generation,,,,
I2G-VSAL1,I_I2G-VSAL1,Primary BMU,OTHER,OTHER,BMU,Generation,,,,
I2G-XNON1,I_I2G-XNON1,Primary BMU,OTHER,OTHER,BMU,Generation,,,,
IBD-AARH1,I_IBD-AARH1,Primary BMU,OTHER,OTHER,BMU,Demand,,,,
IBD-ALIP1,I_IBD-ALIP1,Primary BMU,OTHER,OTHER,BMU,Demand,,,,
IBD-ALPE1,I_IBD-ALPE1,Primary BMU,OTHER,OTHER,BMU,Demand,,,,
IBD-AROS1,I_IBD-AROS1,Primary BMU,INTFR,OTHER,BMU,Demand,,,,
IBD-ATLS1,I_IBD-ATLS1,Primary BMU,OTHER,OTHER,BMU,Demand,,,,
IBD-BDEN1,I_IBD-BDEN1,Primary BMU,OTHER,OTHER,BMU,Demand,,,,
IBD-BKWE1,I_IBD-BKWE1,Primary BMU,OTHER,OTHER,BMU,Demand,,,,
IBD-BPGE1,I_IBD-BPGE1,Primary BMU,INTBN,OTHER,BMU,Demand,,,,
IBD-BRTN1,I_IBD-BRTN1,Primary BMU,INTBN,OTHER,BMU,Demand,,,,
IBD-CACM1,I_IBD-CACM1,Primary BMU,INTBN,OTHER,BMU,Demand,,,,
IBD-CBST1,I_IBD-CBST1,Primary BMU,INTBN,OTHER,BMU,Demand,,,,
IBD-CENT1,I_IBD-CENT1,Primary BMU,INTBN,OTHER,BMU,Demand,,,,
IBD-CETA1,I_IBD-CETA1,Primary BMU,OTHER,OTHER,BMU,Demand,,,,
IBD-CEZC1,I_IBD-CEZC1,Primary BMU,OTHER,OTHER,BMU,Demand,,,,
IBD-CFPE1,I_IBD-CFPE1,Primary BMU,OTHER,OTHER,BMU,Demand,,,,
IBD-CGML1,I_IBD-CGML1,Primary BMU,INTBN,OTHER,BMU,Demand,,,,
IBD-CNGS1,I_IBD-CNGS1,Primary BMU,INTBN,OTHER,BMU,Demand,,,,
IBD-COMM1,I_IBD-COMM1,Primary BMU,OTHER,OTHER,BMU,Demand,,,,
IBD-CONS1,I_IBD-CONS1,Primary BMU,OTHER,OTHER,BMU,Demand,,,,
IBD-CONV1,I_IBD-CONV1,Primary BMU,OTHER,OTHER,BMU,Demand,,,,
IBD-COPN1,I_IBD-COPN1,Primary BMU,INTBN,OTHER,BMU,Demand,,,,
IBD-DARE1,I_IBD-DARE1,Primary BMU,INTBN,OTHER,BMU,Demand,,,,
IBD-DMCC1,I_IBD-DMCC1,Primary BMU,INTBN,OTHER,BMU,Demand,,,,
IBD-DNGN1,I_IBD-DNGN1,Primary BMU,INTBN,OTHER,BMU,Demand,,,,
IBD-DSKC1,I_IBD-DSKC1,Primary BMU,INTBN,OTHER,BMU,Demand,,,,
IBD-DUFE1,I_IBD-DUFE1,Primary BMU,INTBN,OTHER,BMU,Demand,,,,
IBD-DVAL1,I_IBD-DVAL1,Primary BMU,INTBN,OTHER,BMU,Demand,,,,
IBD-EDFT1,I_IBD-EDFT1,Primary BMU,INTBN,OTHER,BMU,Demand,,,,
IBD-EDMK1,I_IBD-EDMK1,Primary BMU,INTBN,OTHER,BMU,Demand,,,,
IBD-EGEN1,,Primary BMU,INTBN,OTHER,BMU,Demand,,,,
IBD-EGLE1,I_IBD-EGLE1,Primary BMU,INTBN,OTHER,BMU,Demand,,,,
IBD-ELEE1,I_IBD-ELEE1,Primary BMU,INTBN,OTHER,BMU,Demand,,,,
IBD-ELTR1,I_IBD-ELTR1,Primary BMU,INTBN,OTHER,BMU,Demand,,,,
IBD-ENEL1,I_IBD-ENEL1,Primary BMU,INTBN,OTHER,BMU,Demand,,,,
IBD-ENET1,I_IBD-ENET1,Primary BMU,INTBN,OTHER,BMU,Demand,,,,
IBD-ENGI1,,Primary BMU,INTBN,OTHER,BMU,Demand,,,,
IBD-ENGM1,I_IBD-ENGM1,Primary BMU,OTHER,OTHER,BMU,Demand,,,,
IBD-ENSP1,I_IBD-ENSP1,Primary BMU,OTHER,OTHER,BMU,Demand,,,,
IBD-ENTC1,I_IBD-ENTC1,Primary BMU,INTBN,OTHER,BMU,Demand,,,,
IBD-EOET1,I_IBD-EOET1,Primary BMU,INTBN,OTHER,BMU,Demand,,,,
IBD-ERVA1,I_IBD-ERVA1,Primary BMU,INTBN,OTHER,BMU,Demand,,,,
IBD-EWII1,I_IBD-EWII1,Primary BMU,OTHER,OTHER,BMU,Demand,,,,
IBD-EZCO1,I_IBD-EZCO1,Primary BMU,OTHER,OTHER,BMU,Demand,,,,
IBD-EZPD1,I_IBD-EZPD1,Primary BMU,OTHER,OTHER,BMU,Demand,,,,
IBD-FLEX1,I_IBD-FLEX1,Primary BMU,OTHER,OTHER,BMU,Demand,,,,
IBD-FPCD1,I_IBD-FPCD1,Primary BMU,INTBN,OTHER,BMU,Demand,,,,
IBD-GAZP1,I_IBD-GAZP1,Primary BMU,INTBN,OTHER,BMU,Demand,,,,
IBD-GLEN1,I_IBD-GLEN1,Primary BMU,INTBN,OTHER,BMU,Demand,,,,
IBD-GRMC1,I_IBD-GRMC1,Primary BMU,OTHER,OTHER,BMU,Demand,,,,
IBD-GRMT1,I_IBD-GRMT1,Primary BMU,OTHER,OTHER,BMU,Demand,,,,
IBD-HART1,I_IBD-HART1,Primary BMU,OTHER,OTHER,BMU,Demand,,,,
IBD-HELI1,I_IBD-HELI1,Primary BMU,OTHER,OTHER,BMU,Demand,,,,
IBD-IBES1,I_IBD-IBES1,Primary BMU,INTBN,OTHER,BMU,Demand,,,,
IBD-IDCE1,I_IBD-IDCE1,Primary BMU,,OTHER,BMU,Demand,,,,
IBD-IDCT1,I_IBD-IDCT1,Primary BMU,OTHER,OTHER,BMU,Demand,,,,
IBD-IMCE1,,Primary BMU,INTBN,OTHER,BMU,Demand,,,,
IBD-INCM1,I_IBD-INCM1,Primary BMU,INTBN,OTHER,BMU,Demand,,,,
IBD-KCST1,I_IBD-KCST1,Primary BMU,INTBN,OTHER,BMU,Demand,,,,
IBD-LTFD1,I_IBD-LTFD1,Primary BMU,INTBN,OTHER,BMU,Demand,,,,
IBD-MCRA1,I_IBD-MCRA1,Primary BMU,INTBN,OTHER,BMU,Demand,,,,
IBD-MFTE1,I_IBD-MFTE1,Primary BMU,INTBN,OTHER,BMU,Demand,,,,
IBD-MONL1,I_IBD-MONL1,Primary BMU,OTHER,OTHER,BMU,Demand,,,,
IBD-NEAS1,I_IBD-NEAS1,Primary BMU,INTBN,OTHER,BMU,Demand,,,,
IBD-NEHO1,I_IBD-NEHO1,Primary BMU,OTHER,OTHER,BMU,Demand,,,,
IBD-NITR1,I_IBD-NITR1,Primary BMU,INTNEM,OTHER,BMU,Demand,,,,
IBD-NORL1,I_IBD-NORL1,Primary BMU,INTBN,OTHER,BMU,Demand,,,,
IBD-NTPL1,I_IBD-NTPL1,Primary BMU,INTBN,OTHER,BMU,Demand,,,,
IBD-OMPX1,I_IBD-OMPX1,Primary BMU,OTHER,OTHER,BMU,Demand,,,,
IBD-OPMX1,I_IBD-OPMX1,Primary BMU,INTBN,OTHER,BMU,Demand,,,,
IBD-OUTL1,I_IBD-OUTL1,Primary BMU,OTHER,OTHER,BMU,Demand,,,,
IBD-PETC1,I_IBD-PETC1,Primary BMU,OTHER,OTHER,BMU,Demand,,,,
IBD-PWMR1,I_IBD-PWMR1,Primary BMU,INTBN,OTHER,BMU,Demand,,,,
IBD-PZEM1,I_IBD-PZEM1,Primary BMU,INTBN,OTHER,BMU,Demand,,,,
IBD-QTPT1,I_IBD-QTPT1,Primary BMU,OTHER,OTHER,BMU,Demand,,,,
IBD-QUAR1,I_IBD-QUAR1,Primary BMU,OTHER,OTHER,BMU,Demand,,,,
IBD-QUEN1,I_IBD-QUEN1,Primary BMU,OTHER,OTHER,BMU,Demand,,,,
IBD-RESP1,I_IBD-RESP1,Primary BMU,OTHER,OTHER,BMU,Demand,,,,
IBD-RISQ1,I_IBD-RISQ1,Primary BMU,OTHER,OTHER,BMU,Demand,,,,
IBD-RWES1,I_IBD-RWES1,Primary BMU,INTBN,OTHER,BMU,Demand,,,,
IBD-SEAG1,I_IBD-SEAG1,Primary BMU,OTHER,OTHER,BMU,Demand,,,,
IBD-SETL1,I_IBD-SETL1,Primary BMU,INTBN,OTHER,BMU,Demand,,,,
IBD-STAT1,I_IBD-STAT1,Primary BMU,INTBN,OTHER,BMU,Demand,,,,
IBD-STGS1,I_IBD-STGS1,Primary BMU,OTHER,OTHER,BMU,Demand,,,,
IBD-TGPL1,I_IBD-TGPL1,Primary BMU,INTBN,OTHER,BMU,Demand,,,,
IBD-TRFD1,I_IBD-TRFD1,Primary BMU,OTHER,OTHER,BMU,Demand,,,,
IBD-TRFG1,I_IBD-TRFG1,Primary BMU,OTHER,OTHER,BMU,Demand,,,,
IBD-TRLS1,I_IBD-TRLS1,Primary BMU,INTBN,OTHER,BMU,Demand,,,,
IBD-VETR1,I_IBD-VETR1,Primary BMU,INTBN,OTHER,BMU,Demand,,,,
IBD-VOLT1,I_IBD-VOLT1,Primary BMU,OTHER,OTHER,BMU,Demand,,,,
IBD-VSAL1,I_IBD-VSAL1,Primary BMU,INTBN,OTHER,BMU,Demand,,,,
IBD-VTUS1,I_IBD-VTUS1,Primary BMU,OTHER,OTHER,BMU,Demand,,,,
IBD-XNON1,I_IBD-XNON1,Primary BMU,INTBN,OTHER,BMU,Demand,,,,
IBG-AARH1,I_IBG-AARH1,Primary BMU,OTHER,OTHER,BMU,Generation,,,,
IBG-ALIP1,I_IBG-ALIP1,Primary BMU,OTHER,OTHER,BMU,Generation,,,,
IBG-ALPE1,I_IBG-ALPE1,Primary BMU,OTHER,OTHER,BMU,Generation,,,,
IBG-AROS1,I_IBG-AROS1,Primary BMU,INTNEM,OTHER,BMU,Generation,,,,
IBG-ATLS1,I_IBG-ATLS1,Primary BMU,OTHER,OTHER,BMU,Generation,,,,
IBG-BDEN1,I_IBG-BDEN1,Primary BMU,OTHER,OTHER,BMU,Generation,,,,
IBG-BKWE1,I_IBG-BKWE1,Primary BMU,OTHER,OTHER,BMU,Generation,,,,
IBG-BPGE1,I_IBG-BPGE1,Primary BMU,INTBN,OTHER,BMU,Generation,,,,
IBG-BRTN1,I_IBG-BRTN1,Primary BMU,INTBN,OTHER,BMU,Generation,,,,
IBG-CACM1,I_IBG-CACM1,Primary BMU,INTBN,OTHER,BMU,Generation,YES,,,
IBG-CBST1,I_IBG-CBST1,Primary BMU,INTBN,OTHER,BMU,Generation,,,,
IBG-CENT1,I_IBG-CENT1,Primary BMU,INTBN,OTHER,BMU,Generation,,,,
IBG-CETA1,I_IBG-CETA1,Primary BMU,OTHER,OTHER,BMU,Generation,,,,
IBG-CEZC1,I_IBG-CEZC1,Primary BMU,OTHER,OTHER,BMU,Generation,,,,
IBG-CFPE1,I_IBG-CFPE1,Primary BMU,OTHER,OTHER,BMU,Generation,,,,
IBG-CGML1,I_IBG-CGML1,Primary BMU,INTBN,OTHER,BMU,Generation,,,,
IBG-CNGS1,I_IBG-CNGS1,Primary BMU,INTBN,OTHER,BMU,Generation,,,,
IBG-COMM1,I_IBG-COMM1,Primary BMU,OTHER,OTHER,BMU,Generation,,,,
IBG-CONS1,I_IBG-CONS1,Primary BMU,OTHER,OTHER,BMU,Generation,,,,
IBG-CONV1,I_IBG-CONV1,Primary BMU,OTHER,OTHER,BMU,Generation,,,,
IBG-COPN1,I_IBG-COPN1,Primary BMU,INTBN,OTHER,BMU,Generation,,,,
IBG-DARE1,I_IBG-DARE1,Primary BMU,INTBN,OTHER,BMU,Generation,,,,
IBG-DMCC1,I_IBG-DMCC1,Primary BMU,INTBN,OTHER,BMU,Generation,,,,
IBG-DNGN1,I_IBG-DNGN1,Primary BMU,INTBN,OTHER,BMU,Generation,,,,
IBG-DSKC1,I_IBG-DSKC1,Primary BMU,INTBN,OTHER,BMU,Generation,,,,
IBG-DUFE1,I_IBG-DUFE1,Primary BMU,INTBN,OTHER,BMU,Generation,,,,
IBG-DVAL1,I_IBG-DVAL1,Primary BMU,INTBN,OTHER,BMU,Generation,,,,
IBG-EDFT1,I_IBG-EDFT1,Primary BMU,INTBN,OTHER,BMU,Generation,,,,
IBG-EDMK1,I_IBG-EDMK1,Primary BMU,INTBN,OTHER,BMU,Generation,,,,
IBG-EGEN1,,Primary BMU,INTBN,OTHER,BMU,Generation,,,,
IBG-EGLE1,I_IBG-EGLE1,Primary BMU,INTBN,OTHER,BMU,Generation,,,,
IBG-ELEE1,I_IBG-ELEE1,Primary BMU,INTBN,OTHER,BMU,Generation,,,,
IBG-ELTR1,I_IBG-ELTR1,Primary BMU,INTBN,OTHER,BMU,Generation,,,,
IBG-ENEL1,I_IBG-ENEL1,Primary BMU,INTBN,OTHER,BMU,Generation,,,,
IBG-ENET1,I_IBG-ENET1,Primary BMU,INTBN,OTHER,BMU,Generation,,,,
IBG-ENGI1,,Primary BMU,INTBN,OTHER,BMU,Generation,,,,
IBG-ENGM1,I_IBG-ENGM1,Primary BMU,OTHER,OTHER,BMU,Generation,,,,
IBG-ENSP1,I_IBG-ENSP1,Primary BMU,INTBN,OTHER,BMU,Generation,,,,
IBG-ENTC1,I_IBG-ENTC1,Primary BMU,INTBN,OTHER,BMU,Generation,,,,
IBG-EOET1,I_IBG-EOET1,Primary BMU,INTBN,OTHER,BMU,Generation,,,,
IBG-EPCO1,I_IBG-EPCO1,Primary BMU,INTBN,OTHER,BMU,Generation,,,,
IBG-ERVA1,I_IBG-ERVA1,Primary BMU,INTBN,OTHER,BMU,Generation,,,,
IBG-EWII1,I_IBG-EWII1,Primary BMU,OTHER,OTHER,BMU,Generation,,,,
IBG-EZCO1,I_IBG-EZCO1,Primary BMU,OTHER,OTHER,BMU,Generation,,,,
IBG-EZPD1,I_IBG-EZPD1,Primary BMU,OTHER,OTHER,BMU,Generation,,,,
IBG-FLEX1,I_IBG-FLEX1,Primary BMU,OTHER,OTHER,BMU,Generation,,,,
IBG-FPCD1,I_IBG-FPCD1,Primary BMU,INTBN,OTHER,BMU,Generation,,,,
IBG-GAZP1,I_IBG-GAZP1,Primary BMU,INTBN,OTHER,BMU,Generation,,,,
IBG-GLEN1,I_IBG-GLEN1,Primary BMU,INTBN,OTHER,BMU,Generation,,,,
IBG-GRMC1,I_IBG-GRMC1,Primary BMU,OTHER,OTHER,BMU,Generation,,,,
IBG-GRMT1,I_IBG-GRMT1,Primary BMU,OTHER,OTHER,BMU,Generation,,,,
IBG-HART1,I_IBG-HART1,Primary BMU,OTHER,OTHER,BMU,Generation,,,,
IBG-HELI1,I_IBG-HELI1,Primary BMU,OTHER,OTHER,BMU,Generation,,,,
IBG-IBES1,I_IBG-IBES1,Primary BMU,INTBN,OTHER,BMU,Generation,,,,
IBG-IDCE1,I_IBG-IDCE1,Primary BMU,,OTHER,BMU,Generation,,,,
IBG-IDCT1,I_IBG-IDCT1,Primary BMU,OTHER,OTHER,BMU,Generation,,,,
IBG-IMCE1,,Primary BMU,INTBN,OTHER,BMU,Generation,,,,
IBG-INCM1,I_IBG-INCM1,Primary BMU,INTBN,OTHER,BMU,Generation,,,,
IBG-KCST1,I_IBG-KCST1,Primary BMU,INTBN,OTHER,BMU,Generation,,,,
IBG-LTFD1,I_IBG-LTFD1,Primary BMU,INTBN,OTHER,BMU,Generation,,,,
IBG-MCRA1,I_IBG-MCRA1,Primary BMU,INTBN,OTHER,BMU,Generation,,,,
IBG-MFTE1,I_IBG-MFTE1,Primary BMU,INTBN,OTHER,BMU,Generation,,,,
IBG-MONL1,I_IBG-MONL1,Primary BMU,OTHER,OTHER,BMU,Generation,,,,
IBG-NEAS1,I_IBG-NEAS1,Primary BMU,INTBN,OTHER,BMU,Generation,,,,
IBG-NEHO1,I_IBG-NEHO1,Primary BMU,OTHER,OTHER,BMU,Generation,,,,
IBG-NITR1,I_IBG-NITR1,Primary BMU,INTNEM,OTHER,BMU,Generation,,,,
IBG-NORL1,I_IBG-NORL1,Primary BMU,INTBN,OTHER,BMU,Generation,,,,
IBG-NTPL1,I_IBG-NTPL1,Primary BMU,INTBN,OTHER,BMU,Generation,,,,
IBG-OMPX1,I_IBG-OMPX1,Primary BMU,OTHER,OTHER,BMU,Generation,,,,
IBG-OPMX1,I_IBG-OPMX1,Primary BMU,INTBN,OTHER,BMU,Generation,,,,
IBG-OUTL1,I_IBG-OUTL1,Primary BMU,OTHER,OTHER,BMU,Generation,,,,
IBG-PETC1,I_IBG-PETC1,Primary BMU,OTHER,OTHER,BMU,Generation,,,,
IBG-PWMR1,I_IBG-PWMR1,Primary BMU,INTBN,OTHER,BMU,Generation,,,,
IBG-PZEM1,I_IBG-PZEM1,Primary BMU,INTBN,OTHER,BMU,Generation,,,,
IBG-QTPT1,I_IBG-QTPT1,Primary BMU,OTHER,OTHER,BMU,Generation,,,,
IBG-QUAR1,I_IBG-QUAR1,Primary BMU,OTHER,OTHER,BMU,Generation,,,,
IBG-QUEN1,I_IBG-QUEN1,Primary BMU,OTHER,OTHER,BMU,Generation,,,,
IBG-RESP1,I_IBG-RESP1,Primary BMU,OTHER,OTHER,BMU,Generation,,,,
IBG-RSQ1,,Primary BMU,OTHER,OTHER,BMU,Generation,,,,
IBG-RWES1,I_IBG-RWES1,Primary BMU,INTBN,OTHER,BMU,Generation,,,,
IBG-SEAG1,I_IBG-SEAG1,Primary BMU,OTHER,OTHER,BMU,Generation,,,,
IBG-SETL1,I_IBG-SETL1,Primary BMU,INTBN,OTHER,BMU,Generation,,,,
IBG-STAT1,I_IBG-STAT1,Primary BMU,INTBN,OTHER,BMU,Generation,,,,
IBG-STGS1,I_IBG-STGS1,Primary BMU,OTHER,OTHER,BMU,Generation,,,,
IBG-TGPL1,I_IBG-TGPL1,Primary BMU,INTBN,OTHER,BMU,Generation,,,,
IBG-TRFD1,I_IBG-TRFD1,Primary BMU,OTHER,OTHER,BMU,Generation,,,,
IBG-TRFG1,I_IBG-TRFG1,Primary BMU,OTHER,OTHER,BMU,Generation,,,,
IBG-TRLS1,I_IBG-TRLS1,Primary BMU,INTBN,OTHER,BMU,Generation,,,,
IBG-VETR1,I_IBG-VETR1,Primary BMU,INTBN,OTHER,BMU,Generation,,,,
IBG-VOLT1,I_IBG-VOLT1,Primary BMU,OTHER,OTHER,BMU,Generation,,,,
IBG-VSAL1,I_IBG-VSAL1,Primary BMU,INTBN,OTHER,BMU,Demand,,,,
IBG-VTUS1,I_IBG-VTUS1,Primary BMU,OTHER,OTHER,BMU,Generation,,,,
IBG-XNON1,I_IBG-XNON1,Primary BMU,INTBN,OTHER,BMU,Generation,,,,
IED-ELEC1,I_IED-ELEC1,Primary BMU,INTEW,OTHER,BMU,Demand,,,,
IED-EWIC1,I_IED-EWIC1,Primary BMU,INTEW,OTHER,BMU,Demand,,53.5305,-4.8257,
IED-FRAN1,I_IED-FRAN1,Primary BMU,INTFR,OTHER,BMU,Demand,,,,
IED-GRNL1,,Primary BMU,OTHER,OTHER,BMU,Demand,,,,
IED-IFA2,I_IED-IFA2,Primary BMU,INTBN,OTHER,BMU,Demand,,,,
IED-MOYL1,I_IED-MOYL1,Primary BMU,INTIRL,OTHER,BMU,Demand,,,,
IED-NSL1,I_IED-NSL1,Primary BMU,OTHER,OTHER,BMU,Demand,,,,
IED-VKL1,I_IED-VKL1,Primary BMU,OTHER,OTHER,BMU,Demand,,,,
IEG-ELEC1,I_IEG-ELEC1,Primary BMU,INTEW,OTHER,BMU,Generation,,,,
IEG-EWIC1,I_IEG-EWIC1,Primary BMU,INTEW,OTHER,BMU,Generation,YES,53.5305,-4.8257,
IEG-FRAN1,I_IEG-FRAN1,Primary BMU,INTFR,OTHER,BMU,Generation,YES,,,
IEG-GRNL1,,Primary BMU,OTHER,OTHER,BMU,Generation,YES,,,
IEG-IFA2,I_IEG-IFA2,Primary BMU,CCGT,OTHER,BMU,Generation,YES,,,
IEG-MOYL1,I_IEG-MOYL1,Primary BMU,INTIRL,OTHER,BMU,Generation,YES,,,
IEG-NSL1,I_IEG-NSL1,Primary BMU,OTHER,OTHER,BMU,Generation,YES,,,
IEG-VKL1,I_IEG-VKL1,Primary BMU,OTHER,OTHER,BMU,Generation,YES,,,
IFD-ACCE1,I_IFD-ACCE1,Primary BMU,INTFR,OTHER,BMU,Demand,YES,,,
IFD-ALEU1,I_IFD-ALEU1,Primary BMU,OTHER,OTHER,BMU,Demand,,,,
IFD-ALIP1,I_IFD-ALIP1,Primary BMU,INTFR,OTHER,BMU,Demand,,,,
IFD-ARON1,I_IFD-ARON1,Primary BMU,INTFR,OTHER,BMU,Demand,,,,
IFD-AROS1,I_IFD-AROS1,Primary BMU,INTFR,OTHER,BMU,Demand,,,,
IFD-ATLS1,I_IFD-ATLS1,Primary BMU,INTFR,OTHER,BMU,Demand,,,,
IFD-BAYW1,I_IFD-BAYW1,Primary BMU,INTFR,OTHER,BMU,Demand,,,,
IFD-BDEN1,I_IFD-BDEN1,Primary BMU,INTFR,OTHER,BMU,Demand,,,,
IFD-BKWE1,I_IFD-BKWE1,Primary BMU,INTFR,OTHER,BMU,Demand,,,,
IFD-BNPS1,I_IFD-BNPS1,Primary BMU,INTFR,OTHER,BMU,Demand,,,,
IFD-BPGE1,I_IFD-BPGE1,Primary BMU,INTFR,OTHER,BMU,Demand,,,,
IFD-CACM1,I_IFD-CACM1,Primary BMU,INTFR,OTHER,BMU,Demand,,,,
IFD-CBST1,I_IFD-CBST1,Primary BMU,INTFR,OTHER,BMU,Demand,,,,
IFD-CETL1,I_IFD-CETL1,Primary BMU,INTFR,OTHER,BMU,Demand,,,,
IFD-CFPE1,I_IFD-CFPE1,Primary BMU,OTHER,OTHER,BMU,Demand,,,,
IFD-CGML1,I_IFD-CGML1,Primary BMU,INTFR,OTHER,BMU,Demand,,,,
IFD-CNGS1,I_IFD-CNGS1,Primary BMU,INTFR,OTHER,BMU,Demand,,,,
IFD-CNRE1,I_IFD-CNRE1,Primary BMU,INTFR,OTHER,BMU,Demand,,,,
IFD-COMM1,I_IFD-COMM1,Primary BMU,INTFR,OTHER,BMU,Demand,,,,
IFD-CONS1,I_IFD-CONS1,Primary BMU,INTFR,OTHER,BMU,Demand,,,,
IFD-CONV1,I_IFD-CONV1,Primary BMU,OTHER,OTHER,BMU,Demand,,,,
IFD-COPN1,I_IFD-COPN1,Primary BMU,INTFR,OTHER,BMU,Demand,,,,
IFD-CPUK1,,Primary BMU,INTFR,OTHER,BMU,Demand,,,,
IFD-DARE1,I_IFD-DARE1,Primary BMU,INTFR,OTHER,BMU,Demand,,,,
IFD-DMCC1,I_IFD-DMCC1,Primary BMU,INTFR,OTHER,BMU,Demand,,,,
IFD-DNGN1,I_IFD-DNGN1,Primary BMU,INTFR,OTHER,BMU,Demand,,,,
IFD-DRIV1,,Primary BMU,INTFR,OTHER,BMU,Demand,,,,
IFD-DSKC1,I_IFD-DSKC1,Primary BMU,INTFR,OTHER,BMU,Demand,,,,
IFD-DUEN1,I_IFD-DUEN1,Primary BMU,INTFR,OTHER,BMU,Demand,,,,
IFD-DUFE1,I_IFD-DUFE1,Primary BMU,INTFR,OTHER,BMU,Demand,,,,
IFD-DVAL1,I_IFD-DVAL1,Primary BMU,INTFR,OTHER,BMU,Demand,,,,
IFD-ECCA1,I_IFD-ECCA1,Primary BMU,INTFR,OTHER,BMU,Demand,,,,
IFD-EDFT1,I_IFD-EDFT1,Primary BMU,INTFR,OTHER,BMU,Demand,,,,
IFD-EDMK1,I_IFD-EDMK1,Primary BMU,INTFR,OTHER,BMU,Demand,,,,
IFD-EGLE1,I_IFD-EGLE1,Primary BMU,INTFR,OTHER,BMU,Demand,,,,
IFD-ELEE1,I_IFD-ELEE1,Primary BMU,INTFR,OTHER,BMU,Demand,,,,
IFD-ELTR1,I_IFD-ELTR1,Primary BMU,INTFR,OTHER,BMU,Demand,,,,
IFD-ENBW1,I_IFD-ENBW1,Primary BMU,OTHER,OTHER,BMU,Demand,,,,
IFD-ENEL1,I_IFD-ENEL1,Primary BMU,INTFR,OTHER,BMU,Demand,,,,
IFD-ENET1,I_IFD-ENET1,Primary BMU,INTFR,OTHER,BMU,Demand,,,,
IFD-ENKI1,,Primary BMU,INTFR,OTHER,BMU,Demand,,,,
IFD-ENSC1,I_IFD-ENSC1,Primary BMU,INTFR,OTHER,BMU,Demand,,,,
IFD-ENSP1,I_IFD-ENSP1,Primary BMU,INTFR,OTHER,BMU,Demand,,,,
IFD-ENTC1,I_IFD-ENTC1,Primary BMU,INTFR,OTHER,BMU,Demand,,,,
IFD-EOET1,I_IFD-EOET1,Primary BMU,INTFR,OTHER,BMU,Demand,,,,
IFD-EPCO1,I_IFD-EPCO1,Primary BMU,INTFR,OTHER,BMU,Demand,,,,
IFD-ERVA1,I_IFD-ERVA1,Primary BMU,INTFR,OTHER,BMU,Demand,,,,
IFD-EWII1,I_IFD-EWII1,Primary BMU,OTHER,OTHER,BMU,Demand,,,,
IFD-EXXO1,I_IFD-EXXO1,Primary BMU,OTHER,OTHER,BMU,Demand,,,,
IFD-EZCO1,I_IFD-EZCO1,Primary BMU,INTFR,OTHER,BMU,Demand,,,,
IFD-EZPD1,I_IFD-EZPD1,Primary BMU,INTFR,OTHER,BMU,Demand,,,,
IFD-FLEX1,I_IFD-FLEX1,Primary BMU,OTHER,OTHER,BMU,Demand,,,,
IFD-FPCD1,I_IFD-FPCD1,Primary BMU,INTFR,OTHER,BMU,Demand,,,,
IFD-GASE1,I_IFD-GASE1,Primary BMU,INTFR,OTHER,BMU,Demand,,,,
IFD-GAZP1,I_IFD-GAZP1,Primary BMU,INTFR,OTHER,BMU,Demand,,,,
IFD-GDFE1,I_IFD-GDFE1,Primary BMU,INTFR,OTHER,BMU,Demand,,,,
IFD-GLEN1,I_IFD-GLEN1,Primary BMU,INTFR,OTHER,BMU,Demand,,,,
IFD-GRMC1,,Primary BMU,INTFR,OTHER,BMU,Demand,,,,
IFD-GRMT1,I_IFD-GRMT1,Primary BMU,,OTHER,BMU,Demand,,,,
IFD-HART1,I_IFD-HART1,Primary BMU,INTFR,OTHER,BMU,Demand,,,,
IFD-HELI1,I_IFD-HELI1,Primary BMU,OTHER,OTHER,BMU,Demand,,,,
IFD-IBES1,I_IFD-IBES1,Primary BMU,INTFR,OTHER,BMU,Demand,,,,
IFD-INCM1,I_IFD-INCM1,Primary BMU,INTFR,OTHER,BMU,Demand,,,,
IFD-JPMS1,,Primary BMU,INTFR,OTHER,BMU,Demand,,,,
IFD-KCST1,I_IFD-KCST1,Primary BMU,INTFR,OTHER,BMU,Demand,,,,
IFD-LTFD1,I_IFD-LTFD1,Primary BMU,INTFR,OTHER,BMU,Demand,,,,
IFD-MCRA1,I_IFD-MCRA1,Primary BMU,INTFR,OTHER,BMU,Demand,,,,
IFD-MFTE1,I_IFD-MFTE1,Primary BMU,INTFR,OTHER,BMU,Demand,,,,
IFD-MQBN1,I_IFD-MQBN1,Primary BMU,OTHER,OTHER,BMU,Demand,,,,
IFD-NEAS1,I_IFD-NEAS1,Primary BMU,INTFR,OTHER,BMU,Demand,,,,
IFD-NEHO1,I_IFD-NEHO1,Primary BMU,,OTHER,BMU,Demand,,,,
IFD-NITR1,I_IFD-NITR1,Primary BMU,INTFR,OTHER,BMU,Demand,,,,
IFD-NORL1,I_IFD-NORL1,Primary BMU,INTFR,OTHER,BMU,Demand,,,,
IFD-NTPL1,I_IFD-NTPL1,Primary BMU,INTFR,OTHER,BMU,Demand,,,,
IFD-NUON1,,Primary BMU,INTFR,OTHER,BMU,Demand,,,,
IFD-NVAL1,I_IFD-NVAL1,Primary BMU,OTHER,OTHER,BMU,Demand,,,,
IFD-OMPX1,I_IFD-OMPX1,Primary BMU,OTHER,OTHER,BMU,Demand,,,,
IFD-OPMX1,I_IFD-OPMX1,Primary BMU,INTFR,OTHER,BMU,Demand,,,,
IFD-OUTL1,I_IFD-OUTL1,Primary BMU,INTFR,OTHER,BMU,Demand,,,,
IFD-PEAK1,I_IFD-PEAK1,Primary BMU,INTFR,OTHER,BMU,Demand,,,,
IFD-PETC1,I_IFD-PETC1,Primary BMU,INTFR,OTHER,BMU,Demand,,,,
IFD-PLAN1,I_IFD-PLAN1,Primary BMU,INTFR,OTHER,BMU,Demand,,,,
IFD-PWMR1,I_IFD-PWMR1,Primary BMU,INTFR,OTHER,BMU,Demand,,,,
IFD-QTPT1,I_IFD-QTPT1,Primary BMU,INTFR,OTHER,BMU,Demand,,,,
IFD-QUAR1,I_IFD-QUAR1,Primary BMU,INTFR,OTHER,BMU,Demand,,,,
IFD-QUEN1,I_IFD-QUEN1,Primary BMU,INTFR,OTHER,BMU,Demand,,,,
IFD-RESP1,I_IFD-RESP1,Primary BMU,INTFR,OTHER,BMU,Demand,,,,
IFD-RISQ1,I_IFD-RISQ1,Primary BMU,OTHER,OTHER,BMU,Demand,,,,
IFD-RWES1,I_IFD-RWES1,Primary BMU,INTFR,OTHER,BMU,Demand,,,,
IFD-SETL1,I_IFD-SETL1,Primary BMU,INTFR,OTHER,BMU,Demand,,,,
IFD-SSEG1,I_IFD-SSEG1,Primary BMU,OTHER,OTHER,BMU,Demand,,,,
IFD-STAT1,I_IFD-STAT1,Primary BMU,INTFR,OTHER,BMU,Demand,,,,
IFD-STGS1,I_IFD-STGS1,Primary BMU,INTFR,OTHER,BMU,Demand,,,,
IFD-TFEE1,I_IFD-TFEE1,Primary BMU,INTFR,OTHER,BMU,Demand,,,,
IFD-TRFD1,I_IFD-TRFD1,Primary BMU,INTFR,OTHER,BMU,Demand,,,,
IFD-TRFG1,I_IFD-TRFG1,Primary BMU,INTFR,OTHER,BMU,Demand,,,,
IFD-TRGY1,,Primary BMU,INTFR,OTHER,BMU,Demand,,,,
IFD-TRLS1,I_IFD-TRLS1,Primary BMU,INTFR,OTHER,BMU,Demand,,,,
IFD-VOLT1,I_IFD-VOLT1,Primary BMU,INTFR,OTHER,BMU,Demand,,,,
IFD-VSAL1,I_IFD-VSAL1,Primary BMU,INTFR,OTHER,BMU,Demand,,,,
IFD-VTFS1,I_IFD-VTFS1,Primary BMU,INTFR,OTHER,BMU,Demand,,,,
IFD-XNEN1,,Primary BMU,INTFR,OTHER,BMU,Demand,,,,
IFD-XNON1,I_IFD-XNON1,Primary BMU,INTFR,OTHER,BMU,Demand,,,,
IFG-ACCE1,I_IFG-ACCE1,Primary BMU,INTFR,OTHER,BMU,Generation,,,,
IFG-ALEU1,I_IFG-ALEU1,Primary BMU,OTHER,OTHER,BMU,Generation,,,,
IFG-ALIP1,I_IFG-ALIP1,Primary BMU,INTFR,OTHER,BMU,Generation,,,,
IFG-ARON1,I_IFG-ARON1,Primary BMU,INTFR,OTHER,BMU,Generation,,,,
IFG-AROS1,I_IFG-AROS1,Primary BMU,INTFR,OTHER,BMU,Generation,,,,
IFG-ATLS1,I_IFG-ATLS1,Primary BMU,INTFR,OTHER,BMU,Generation,,,,
IFG-BAYW1,I_IFG-BAYW1,Primary BMU,INTFR,OTHER,BMU,Generation,,,,
IFG-BDEN1,I_IFG-BDEN1,Primary BMU,INTFR,OTHER,BMU,Generation,,,,
IFG-BKWE1,I_IFG-BKWE1,Primary BMU,INTFR,OTHER,BMU,Generation,,,,
IFG-BNPS1,I_IFG-BNPS1,Primary BMU,INTFR,OTHER,BMU,Generation,,,,
IFG-BPGE1,I_IFG-BPGE1,Primary BMU,INTFR,OTHER,BMU,Generation,,,,
IFG-CACM1,I_IFG-CACM1,Primary BMU,INTFR,OTHER,BMU,Generation,,,,
IFG-CBST1,I_IFG-CBST1,Primary BMU,INTFR,OTHER,BMU,Generation,,,,
IFG-CETL1,I_IFG-CETL1,Primary BMU,INTFR,OTHER,BMU,Generation,,,,
IFG-CFPE1,I_IFG-CFPE1,Primary BMU,OTHER,OTHER,BMU,Generation,,,,
IFG-CGML1,I_IFG-CGML1,Primary BMU,INTFR,OTHER,BMU,Generation,,,,
IFG-CNGS1,I_IFG-CNGS1,Primary BMU,INTFR,OTHER,BMU,Generation,,,,
IFG-CNRE1,I_IFG-CNRE1,Primary BMU,INTFR,OTHER,BMU,Generation,,,,
IFG-COMM1,I_IFG-COMM1,Primary BMU,INTFR,OTHER,BMU,Generation,,,,
IFG-CONS1,I_IFG-CONS1,Primary BMU,INTFR,OTHER,BMU,Generation,,,,
IFG-CONV1,I_IFG-CONV1,Primary BMU,OTHER,OTHER,BMU,Generation,,,,
IFG-COPN1,I_IFG-COPN1,Primary BMU,INTFR,OTHER,BMU,Generation,,,,
IFG-CPUK1,,Primary BMU,INTFR,OTHER,BMU,Generation,,,,
IFG-DARE1,I_IFG-DARE1,Primary BMU,INTFR,OTHER,BMU,Generation,,,,
IFG-DMCC1,I_IFG-DMCC1,Primary BMU,INTFR,OTHER,BMU,Generation,,,,
IFG-DNGN1,I_IFG-DNGN1,Primary BMU,INTFR,OTHER,BMU,Generation,,,,
IFG-DRIV1,,Primary BMU,INTFR,OTHER,BMU,Generation,,,,
IFG-DSKC1,I_IFG-DSKC1,Primary BMU,INTFR,OTHER,BMU,Generation,,,,
IFG-DUEN1,I_IFG-DUEN1,Primary BMU,INTFR,OTHER,BMU,Generation,,,,
IFG-DUFE1,I_IFG-DUFE1,Primary BMU,INTFR,OTHER,BMU,Generation,,,,
IFG-DVAL1,I_IFG-DVAL1,Primary BMU,INTFR,OTHER,BMU,Generation,,,,
IFG-ECCA1,I_IFG-ECCA1,Primary BMU,INTFR,OTHER,BMU,Generation,,,,
IFG-EDFT1,I_IFG-EDFT1,Primary BMU,INTFR,OTHER,BMU,Generation,,,,
IFG-EDMK1,I_IFG-EDMK1,Primary BMU,INTFR,OTHER,BMU,Generation,,,,
IFG-EGLE1,I_IFG-EGLE1,Primary BMU,INTFR,OTHER,BMU,Generation,,,,
IFG-ELEE1,I_IFG-ELEE1,Primary BMU,INTFR,OTHER,BMU,Generation,,,,
IFG-ELTR1,I_IFG-ELTR1,Primary BMU,INTFR,OTHER,BMU,Generation,,,,
IFG-ENBW1,I_IFG-ENBW1,Primary BMU,OTHER,OTHER,BMU,Generation,,,,
IFG-ENEL1,I_IFG-ENEL1,Primary BMU,INTFR,OTHER,BMU,Generation,,,,
IFG-ENET1,I_IFG-ENET1,Primary BMU,INTFR,OTHER,BMU,Generation,,,,
IFG-ENKI1,,Primary BMU,INTFR,OTHER,BMU,Generation,,,,
IFG-ENSC1,I_IFG-ENSC1,Primary BMU,INTFR,OTHER,BMU,Generation,,,,
IFG-ENSP1,I_IFG-ENSP1,Primary BMU,INTFR,OTHER,BMU,Generation,,,,
IFG-ENTC1,I_IFG-ENTC1,Primary BMU,INTFR,OTHER,BMU,Generation,,,,
IFG-EOET1,I_IFG-EOET1,Primary BMU,INTFR,OTHER,BMU,Generation,,,,
IFG-EPCO1,I_IFG-EPCO1,Primary BMU,INTFR,OTHER,BMU,Generation,,,,
IFG-ERVA1,I_IFG-ERVA1,Primary BMU,INTFR,OTHER,BMU,Generation,,,,
IFG-EWII1,I_IFG-EWII1,Primary BMU,OTHER,OTHER,BMU,Generation,,,,
IFG-EXXO1,I_IFG-EXXO1,Primary BMU,OTHER,OTHER,BMU,Generation,,,,
IFG-EZCO1,I_IFG-EZCO1,Primary BMU,INTFR,OTHER,BMU,Generation,,,,
IFG-EZPD1,I_IFG-EZPD1,Primary BMU,INTFR,OTHER,BMU,Generation,,,,
IFG-FLEX1,I_IFG-FLEX1,Primary BMU,INTFR,OTHER,BMU,Generation,,,,
IFG-FPCD1,I_IFG-FPCD1,Primary BMU,INTFR,OTHER,BMU,Generation,,,,
IFG-GASE1,I_IFG-GASE1,Primary BMU,INTFR,OTHER,BMU,Generation,,,,
IFG-GAZP1,I_IFG-GAZP1,Primary BMU,INTFR,OTHER,BMU,Generation,,,,
IFG-GDFE1,I_IFG-GDFE1,Primary BMU,INTFR,OTHER,BMU,Generation,,,,
IFG-GLEN1,I_IFG-GLEN1,Primary BMU,INTFR,OTHER,BMU,Generation,,,,
IFG-GRMC1,I_IFG-GRMC1,Primary BMU,INTFR,OTHER,BMU,Generation,,,,
IFG-GRMT1,I_IFG-GRMT1,Primary BMU,,OTHER,BMU,Generation,,,,
IFG-HART1,I_IFG-HART1,Primary BMU,INTFR,OTHER,BMU,Generation,,,,
IFG-HELI1,I_IFG-HELI1,Primary BMU,OTHER,OTHER,BMU,Generation,,,,
IFG-IBES1,I_IFG-IBES1,Primary BMU,INTFR,OTHER,BMU,Generation,,,,
IFG-INCM1,I_IFG-INCM1,Primary BMU,INTFR,OTHER,BMU,Generation,,,,
IFG-KCST1,I_IFG-KCST1,Primary BMU,INTFR,OTHER,BMU,Generation,,,,
IFG-LTFD1,I_IFG-LTFD1,Primary BMU,INTFR,OTHER,BMU,Generation,,,,
IFG-MCRA1,I_IFG-MCRA1,Primary BMU,INTFR,OTHER,BMU,Generation,,,,
IFG-MFTE1,I_IFG-MFTE1,Primary BMU,INTFR,OTHER,BMU,Generation,,,,
IFG-MQBN1,I_IFG-MQBN1,Primary BMU,INTFR,OTHER,BMU,Generation,,,,
IFG-NEAS1,I_IFG-NEAS1,Primary BMU,INTFR,OTHER,BMU,Generation,,,,
IFG-NEHO1,I_IFG-NEHO1,Primary BMU,,OTHER,BMU,Generation,,,,
IFG-NITR1,I_IFG-NITR1,Primary BMU,INTFR,OTHER,BMU,Generation,,,,
IFG-NORL1,I_IFG-NORL1,Primary BMU,INTFR,OTHER,BMU,Generation,,,,
IFG-NTPL1,I_IFG-NTPL1,Primary BMU,INTFR,OTHER,BMU,Generation,,,,
IFG-NUON1,,Primary BMU,INTFR,OTHER,BMU,Generation,,,,
IFG-NVAL1,I_IFG-NVAL1,Primary BMU,OTHER,OTHER,BMU,Generation,,,,
IFG-OMPX1,I_IFG-OMPX1,Primary BMU,OTHER,OTHER,BMU,Generation,,,,
IFG-OPMX1,I_IFG-OPMX1,Primary BMU,INTFR,OTHER,BMU,Generation,,,,
IFG-OUTL1,I_IFG-OUTL1,Primary BMU,INTFR,OTHER,BMU,Generation,,,,
IFG-PEAK1,I_IFG-PEAK1,Primary BMU,INTFR,OTHER,BMU,Generation,,,,
IFG-PETC1,I_IFG-PETC1,Primary BMU,INTFR,OTHER,BMU,Generation,,,,
IFG-PLAN1,I_IFG-PLAN1,Primary BMU,INTFR,OTHER,BMU,Generation,,,,
IFG-PWMR1,I_IFG-PWMR1,Primary BMU,INTFR,OTHER,BMU,Generation,,,,
IFG-QTPT1,I_IFG-QTPT1,Primary BMU,INTFR,OTHER,BMU,Generation,,,,
IFG-QUAR1,I_IFG-QUAR1,Primary BMU,INTFR,OTHER,BMU,Generation,,,,
IFG-QUEN1,I_IFG-QUEN1,Primary BMU,INTFR,OTHER,BMU,Generation,,,,
IFG-RESP1,I_IFG-RESP1,Primary BMU,INTFR,OTHER,BMU,Generation,,,,
IFG-RISQ1,I_IFG-RISQ1,Primary BMU,OTHER,OTHER,BMU,Generation,,,,
IFG-RWES1,I_IFG-RWES1,Primary BMU,INTFR,OTHER,BMU,Generation,,,,
IFG-SETL1,I_IFG-SETL1,Primary BMU,INTFR,OTHER,BMU,Generation,,,,
IFG-SSEG1,I_IFG-SSEG1,Primary BMU,OTHER,OTHER,BMU,Generation,,,,
IFG-STAT1,I_IFG-STAT1,Primary BMU,INTFR,OTHER,BMU,Generation,,,,
IFG-STGS1,I_IFG-STGS1,Primary BMU,INTFR,OTHER,BMU,Generation,,,,
IFG-TFEE1,I_IFG-TFEE1,Primary BMU,INTFR,OTHER,BMU,Generation,,,,
IFG-TRFD1,I_IFG-TRFD1,Primary BMU,INTFR,OTHER,BMU,Generation,,,,
IFG-TRFG1,I_IFG-TRFG1,Primary BMU,INTFR,OTHER,BMU,Generation,,,,
IFG-TRGY1,,Primary BMU,INTFR,OTHER,BMU,Generation,,,,
IFG-TRLS1,I_IFG-TRLS1,Primary BMU,INTFR,OTHER,BMU,Generation,,,,
IFG-VOLT1,I_IFG-VOLT1,Primary BMU,INTFR,OTHER,BMU,Generation,,,,
IFG-VSAL1,I_IFG-VSAL1,Primary BMU,INTFR,OTHER,BMU,Generation,,,,
IFG-VTFS1,I_IFG-VTFS1,Primary BMU,INTFR,OTHER,BMU,Generation,,,,
IFG-XNEN1,,Primary BMU,INTFR,OTHER,BMU,Generation,,,,
IFG-XNON1,I_IFG-XNON1,Primary BMU,INTFR,OTHER,BMU,Generation,,,,
IGD-STAT1,I_IGD-STAT1,Primary BMU,OTHER,OTHER,BMU,Demand,,,,
IGG-STAT1,I_IGG-STAT1,Primary BMU,OTHER,OTHER,BMU,Generation,,,,
IID-AXPO1,I_IID-AXPO1,Primary BMU,INTEW,OTHER,BMU,Demand,,,,
IID-BGSE1,I_IID-BGSE1,Primary BMU,INTEW,OTHER,BMU,Demand,,,,
IID-BRKF1,I_IID-BRKF1,Primary BMU,INTEW,OTHER,BMU,Demand,,,,
IID-DSKC1,I_IID-DSKC1,Primary BMU,INTEW,OTHER,BMU,Demand,,,,
IID-EGEN1,,Primary BMU,INTEW,OTHER,BMU,Demand,,,,
IID-ELTR1,I_IID-ELTR1,Primary BMU,INTEW,OTHER,BMU,Demand,,,,
IID-ENGI1,I_IID-ENGI1,Primary BMU,INTEW,OTHER,BMU,Demand,,,,
IID-ERVA1,I_IID-ERVA1,Primary BMU,INTEW,OTHER,BMU,Demand,,,,
IID-ESBI1,I_IID-ESBI1,Primary BMU,INTEW,OTHER,BMU,Demand,,,,
IID-ESBI2,I_IID-ESBI2,Primary BMU,INTEW,OTHER,BMU,Demand,,,,
IID-INCM1,I_IID-INCM1,Primary BMU,INTEW,OTHER,BMU,Demand,,,,
IID-LTFD1,I_IID-LTFD1,Primary BMU,INTEW,OTHER,BMU,Demand,,,,
IID-NSEN1,I_IID-NSEN1,Primary BMU,INTEW,OTHER,BMU,Demand,,,,
IID-RWES1,I_IID-RWES1,Primary BMU,INTEW,OTHER,BMU,Demand,,,,
IID-SEEL1,I_IID-SEEL1,Primary BMU,INTEW,OTHER,BMU,Demand,,,,
IID-STAT1,I_IID-STAT1,Primary BMU,INTEW,OTHER,BMU,Demand,,,,
IID-VAYU1,I_IID-VAYU1,Primary BMU,INTEW,OTHER,BMU,Demand,,,,
IID-VESL1,I_IID-VESL1,Primary BMU,INTEW,OTHER,BMU,Demand,,,,
IIG-AXPO1,I_IIG-AXPO1,Primary BMU,INTEW,OTHER,BMU,Generation,,,,
IIG-BGSE1,I_IIG-BGSE1,Primary BMU,INTEW,OTHER,BMU,Generation,,,,
IIG-BRKF1,I_IIG-BRKF1,Primary BMU,INTEW,OTHER,BMU,Generation,,,,
IIG-DSKC1,I_IIG-DSKC1,Primary BMU,INTEW,OTHER,BMU,Generation,,,,
IIG-EGEN1,,Primary BMU,INTEW,OTHER,BMU,Generation,,,,
IIG-ELTR1,I_IIG-ELTR1,Primary BMU,INTEW,OTHER,BMU,Generation,,,,
IIG-ENGI1,I_IIG-ENGI1,Primary BMU,INTEW,OTHER,BMU,Generation,,,,
IIG-ERVA1,I_IIG-ERVA1,Primary BMU,INTEW,OTHER,BMU,Generation,,,,
IIG-ESBI1,I_IIG-ESBI1,Primary BMU,INTEW,OTHER,BMU,Generation,,,,
IIG-ESBI2,I_IIG-ESBI2,Primary BMU,INTEW,OTHER,BMU,Generation,,,,
IIG-INCM1,I_IIG-INCM1,Primary BMU,INTEW,OTHER,BMU,Generation,,,,
IIG-LTFD1,I_IIG-LTFD1,Primary BMU,INTEW,OTHER,BMU,Generation,,,,
IIG-NSEN1,I_IIG-NSEN1,Primary BMU,INTEW,OTHER,BMU,Generation,,,,
IIG-RWES1,I_IIG-RWES1,Primary BMU,INTEW,OTHER,BMU,Generation,,,,
IIG-SEEL1,I_IIG-SEEL1,Primary BMU,INTEW,OTHER,BMU,Generation,,,,
IIG-STAT1,I_IIG-STAT1,Primary BMU,INTEW,OTHER,BMU,Generation,,,,
IIG-VAYU1,I_IIG-VAYU1,Primary BMU,INTEW,OTHER,BMU,Generation,,,,
IIG-VESL1,I_IIG-VESL1,Primary BMU,INTEW,OTHER,BMU,Generation,,,,
ILD-ALIP1,I_ILD-ALIP1,Primary BMU,OTHER,OTHER,BMU,Demand,,,,
ILD-ARON1,I_ILD-ARON1,Primary BMU,OTHER,OTHER,BMU,Demand,,,,
ILD-AROS1,I_ILD-AROS1,Primary BMU,OTHER,OTHER,BMU,Demand,,,,
ILD-ATLS1,I_ILD-ATLS1,Primary BMU,OTHER,OTHER,BMU,Demand,,,,
ILD-BAYW1,I_ILD-BAYW1,Primary BMU,OTHER,OTHER,BMU,Demand,,,,
ILD-BKWE1,I_ILD-BKWE1,Primary BMU,OTHER,OTHER,BMU,Demand,,,,
ILD-BPGM1,I_ILD-BPGM1,Primary BMU,OTHER,OTHER,BMU,Demand,,,,
ILD-CACM1,I_ILD-CACM1,Primary BMU,OTHER,OTHER,BMU,Demand,,,,
ILD-CBST1,I_ILD-CBST1,Primary BMU,OTHER,OTHER,BMU,Demand,,,,
ILD-CENT1,I_ILD-CENT1,Primary BMU,OTHER,OTHER,BMU,Demand,,,,
ILD-CETL1,I_ILD-CETL1,Primary BMU,OTHER,OTHER,BMU,Demand,,,,
ILD-CEZC1,I_ILD-CEZC1,Primary BMU,OTHER,OTHER,BMU,Demand,,,,
ILD-CFPE1,I_ILD-CFPE1,Primary BMU,OTHER,OTHER,BMU,Demand,,,,
ILD-COMM1,I_ILD-COMM1,Primary BMU,OTHER,OTHER,BMU,Demand,,,,
ILD-CONS1,I_ILD-CONS1,Primary BMU,OTHER,OTHER,BMU,Demand,,,,
ILD-COPN1,I_ILD-COPN1,Primary BMU,OTHER,OTHER,BMU,Demand,,,,
ILD-DARE1,I_ILD-DARE1,Primary BMU,OTHER,OTHER,BMU,Demand,,,,
ILD-DMCC1,I_ILD-DMCC1,Primary BMU,OTHER,OTHER,BMU,Demand,,,,
ILD-DUEN1,I_ILD-DUEN1,Primary BMU,OTHER,OTHER,BMU,Demand,,,,
ILD-DUFE1,I_ILD-DUFE1,Primary BMU,OTHER,OTHER,BMU,Demand,,,,
ILD-DVAL1,I_ILD-DVAL1,Primary BMU,OTHER,OTHER,BMU,Demand,,,,
ILD-EDFT1,I_ILD-EDFT1,Primary BMU,OTHER,OTHER,BMU,Demand,,,,
ILD-EDMK1,I_ILD-EDMK1,Primary BMU,OTHER,OTHER,BMU,Demand,,,,
ILD-ELTR1,I_ILD-ELTR1,Primary BMU,OTHER,OTHER,BMU,Demand,,,,
ILD-ENBW1,I_ILD-ENBW1,Primary BMU,OTHER,OTHER,BMU,Demand,,,,
ILD-ENGM1,I_ILD-ENGM1,Primary BMU,OTHER,OTHER,BMU,Demand,,,,
ILD-ENSC1,I_ILD-ENSC1,Primary BMU,OTHER,OTHER,BMU,Demand,,,,
ILD-ENTC1,I_ILD-ENTC1,Primary BMU,OTHER,OTHER,BMU,Demand,,,,
ILD-EPCO1,I_ILD-EPCO1,Primary BMU,OTHER,OTHER,BMU,Demand,,,,
ILD-EWII1,I_ILD-EWII1,Primary BMU,OTHER,OTHER,BMU,Demand,,,,
ILD-EZCO1,I_ILD-EZCO1,Primary BMU,WIND,OTHER,BMU,Demand,,,,
ILD-EZPD1,I_ILD-EZPD1,Primary BMU,OTHER,OTHER,BMU,Demand,,,,
ILD-FLEX1,I_ILD-FLEX1,Primary BMU,OTHER,OTHER,BMU,Demand,,,,
ILD-GLEN1,I_ILD-GLEN1,Primary BMU,OTHER,OTHER,BMU,Demand,,,,
ILD-GNER1,I_ILD-GNER1,Primary BMU,WIND,OTHER,BMU,Demand,,,,
ILD-GRMC1,I_ILD-GRMC1,Primary BMU,OTHER,OTHER,BMU,Demand,,,,
ILD-HART1,I_ILD-HART1,Primary BMU,OTHER,OTHER,BMU,Demand,,,,
ILD-HELI1,I_ILD-HELI1,Primary BMU,OTHER,OTHER,BMU,Demand,,,,
ILD-INCM1,I_ILD-INCM1,Primary BMU,OTHER,OTHER,BMU,Demand,,,,
ILD-MCRA1,I_ILD-MCRA1,Primary BMU,OTHER,OTHER,BMU,Demand,,,,
ILD-MFTE1,I_ILD-MFTE1,Primary BMU,OTHER,OTHER,BMU,Demand,,,,
ILD-NDPL1,,Primary BMU,,OTHER,BMU,Demand,,,,
ILD-NEAS1,I_ILD-NEAS1,Primary BMU,OTHER,OTHER,BMU,Demand,,,,
ILD-NEHO1,I_ILD-NEHO1,Primary BMU,OTHER,OTHER,BMU,Demand,,,,
ILD-NITR1,I_ILD-NITR1,Primary BMU,WIND,OTHER,BMU,Demand,,,,
ILD-NORL1,I_ILD-NORL1,Primary BMU,OTHER,OTHER,BMU,Demand,,,,
ILD-NTPL1,I_ILD-NTPL1,Primary BMU,OTHER,OTHER,BMU,Demand,,,,
ILD-OPMX1,I_ILD-OPMX1,Primary BMU,OTHER,OTHER,BMU,Demand,,,,
ILD-OUTL1,I_ILD-OUTL1,Primary BMU,OTHER,OTHER,BMU,Demand,,,,
ILD-PEAK1,I_ILD-PEAK1,Primary BMU,OTHER,OTHER,BMU,Demand,,,,
ILD-PETC1,I_ILD-PETC1,Primary BMU,OTHER,OTHER,BMU,Demand,,,,
ILD-PREP1,I_ILD-PREP1,Primary BMU,OTHER,OTHER,BMU,Demand,,,,
ILD-PWMR1,I_ILD-PWMR1,Primary BMU,OTHER,OTHER,BMU,Demand,,,,
ILD-QUAR1,I_ILD-QUAR1,Primary BMU,OTHER,OTHER,BMU,Demand,,,,
ILD-RESP1,I_ILD-RESP1,Primary BMU,OTHER,OTHER,BMU,Demand,,,,
ILD-RISQ1,I_ILD-RISQ1,Primary BMU,OTHER,OTHER,BMU,Demand,,,,
ILD-RWES1,I_ILD-RWES1,Primary BMU,OTHER,OTHER,BMU,Demand,,,,
ILD-SEFE1,I_ILD-SEFE1,Primary BMU,OTHER,OTHER,BMU,Demand,,,,
ILD-SETL1,I_ILD-SETL1,Primary BMU,OTHER,OTHER,BMU,Demand,,,,
ILD-STGS1,I_ILD-STGS1,Primary BMU,OTHER,OTHER,BMU,Demand,,,,
ILD-TGPL1,I_ILD-TGPL1,Primary BMU,OTHER,OTHER,BMU,Demand,,,,
ILD-TRFD1,I_ILD-TRFD1,Primary BMU,OTHER,OTHER,BMU,Demand,,,,
ILD-TRFG1,I_ILD-TRFG1,Primary BMU,OTHER,OTHER,BMU,Demand,,,,
ILD-VOLT1,I_ILD-VOLT1,Primary BMU,OTHER,OTHER,BMU,Demand,,,,
ILD-VSAL1,I_ILD-VSAL1,Primary BMU,OTHER,OTHER,BMU,Demand,,,,
ILD-XNON1,I_ILD-XNON1,Primary BMU,OTHER,OTHER,BMU,Demand,,,,
ILG-ALIP1,I_ILG-ALIP1,Primary BMU,OTHER,OTHER,BMU,Generation,,,,
ILG-ARON1,I_ILG-ARON1,Primary BMU,OTHER,OTHER,BMU,Generation,,,,
ILG-AROS1,I_ILG-AROS1,Primary BMU,OTHER,OTHER,BMU,Generation,,,,
ILG-ATLS1,I_ILG-ATLS1,Primary BMU,OTHER,OTHER,BMU,Generation,,,,
ILG-BAYW1,I_ILG-BAYW1,Primary BMU,OTHER,OTHER,BMU,Generation,,,,
ILG-BKWE1,I_ILG-BKWE1,Primary BMU,OTHER,OTHER,BMU,Generation,,,,
ILG-BPGM1,I_ILG-BPGM1,Primary BMU,OTHER,OTHER,BMU,Generation,,,,
ILG-CACM1,I_ILG-CACM1,Primary BMU,OTHER,OTHER,BMU,Generation,,,,
ILG-CBST1,I_ILG-CBST1,Primary BMU,OTHER,OTHER,BMU,Generation,,,,
ILG-CENT1,I_ILG-CENT1,Primary BMU,OTHER,OTHER,BMU,Generation,,,,
ILG-CETL1,I_ILG-CETL1,Primary BMU,OTHER,OTHER,BMU,Generation,,,,
ILG-CEZC1,I_ILG-CEZC1,Primary BMU,OTHER,OTHER,BMU,Generation,,,,
ILG-CFPE1,I_ILG-CFPE1,Primary BMU,OTHER,OTHER,BMU,Generation,,,,
ILG-COMM1,I_ILG-COMM1,Primary BMU,OTHER,OTHER,BMU,Generation,,,,
ILG-CONS1,I_ILG-CONS1,Primary BMU,OTHER,OTHER,BMU,Generation,,,,
ILG-COPN1,I_ILG-COPN1,Primary BMU,OTHER,OTHER,BMU,Generation,,,,
ILG-DARE1,I_ILG-DARE1,Primary BMU,OTHER,OTHER,BMU,Generation,,,,
ILG-DMCC1,I_ILG-DMCC1,Primary BMU,OTHER,OTHER,BMU,Generation,,,,
ILG-DUEN1,I_ILG-DUEN1,Primary BMU,OTHER,OTHER,BMU,Generation,,,,
ILG-DUFE1,I_ILG-DUFE1,Primary BMU,OTHER,OTHER,BMU,Generation,,,,
ILG-DVAL1,I_ILG-DVAL1,Primary BMU,OTHER,OTHER,BMU,Generation,,,,
ILG-EDFT1,I_ILG-EDFT1,Primary BMU,OTHER,OTHER,BMU,Generation,,,,
ILG-EDMK1,I_ILG-EDMK1,Primary BMU,OTHER,OTHER,BMU,Generation,,,,
ILG-ELTR1,I_ILG-ELTR1,Primary BMU,OTHER,OTHER,BMU,Generation,,,,
ILG-ENBW1,I_ILG-ENBW1,Primary BMU,OTHER,OTHER,BMU,Generation,,,,
ILG-ENGM1,I_ILG-ENGM1,Primary BMU,OTHER,OTHER,BMU,Generation,,,,
ILG-ENSC1,I_ILG-ENSC1,Primary BMU,OTHER,OTHER,BMU,Generation,,,,
ILG-ENTC1,I_ILG-ENTC1,Primary BMU,OTHER,OTHER,BMU,Generation,,,,
ILG-EPCO1,I_ILG-EPCO1,Primary BMU,OTHER,OTHER,BMU,Generation,,,,
ILG-EWII1,I_ILG-EWII1,Primary BMU,OTHER,OTHER,BMU,Generation,,,,
ILG-EZPD1,I_ILG-EZPD1,Primary BMU,OTHER,OTHER,BMU,Generation,,,,
ILG-FLEX1,I_ILG-FLEX1,Primary BMU,OTHER,OTHER,BMU,Generation,,,,
ILG-GLEN1,I_ILG-GLEN1,Primary BMU,OTHER,OTHER,BMU,Generation,,,,
ILG-GNER1,I_ILG-GNER1,Primary BMU,OTHER,OTHER,BMU,Generation,,,,
ILG-GRMC1,I_ILG-GRMC1,Primary BMU,OTHER,OTHER,BMU,Generation,,,,
ILG-HART1,I_ILG-HART1,Primary BMU,OTHER,OTHER,BMU,Generation,,,,
ILG-HELI1,I_ILG-HELI1,Primary BMU,OTHER,OTHER,BMU,Generation,,,,
ILG-INCM1,I_ILG-INCM1,Primary BMU,OTHER,OTHER,BMU,Generation,,,,
ILG-MCRA1,I_ILG-MCRA1,Primary BMU,OTHER,OTHER,BMU,Generation,,,,
ILG-MFTE1,I_ILG-MFTE1,Primary BMU,OTHER,OTHER,BMU,Generation,,,,
ILG-NDPL1,,Primary BMU,,OTHER,BMU,Generation,,,,
ILG-NEAS1,I_ILG-NEAS1,Primary BMU,OTHER,OTHER,BMU,Generation,,,,
ILG-NEHO1,I_ILG-NEHO1,Primary BMU,OTHER,OTHER,BMU,Generation,,,,
ILG-NITR1,I_ILG-NITR1,Primary BMU,OTHER,OTHER,BMU,Generation,,,,
ILG-NORL1,I_ILG-NORL1,Primary BMU,OTHER,OTHER,BMU,Generation,,,,
ILG-NTPL1,I_ILG-NTPL1,Primary BMU,OTHER,OTHER,BMU,Generation,,,,
ILG-OPMX1,I_ILG-OPMX1,Primary BMU,OTHER,OTHER,BMU,Generation,,,,
ILG-OUTL1,I_ILG-OUTL1,Primary BMU,OTHER,OTHER,BMU,Generation,,,,
ILG-PEAK1,I_ILG-PEAK1,Primary BMU,OTHER,OTHER,BMU,Generation,,,,
ILG-PETC1,I_ILG-PETC1,Primary BMU,OTHER,OTHER,BMU,Generation,,,,
ILG-PREP1,I_ILG-PREP1,Primary BMU,OTHER,OTHER,BMU,Generation,,,,
ILG-PWMR1,I_ILG-PWMR1,Primary BMU,OTHER,OTHER,BMU,Generation,,,,
ILG-QUAR1,I_ILG-QUAR1,Primary BMU,OTHER,OTHER,BMU,Generation,,,,
ILG-RESP1,I_ILG-RESP1,Primary BMU,OTHER,OTHER,BMU,Generation,,,,
ILG-RISQ1,I_ILG-RISQ1,Primary BMU,OTHER,OTHER,BMU,Generation,,,,
ILG-RWES1,I_ILG-RWES1,Primary BMU,OTHER,OTHER,BMU,Generation,,,,
ILG-SEFE1,I_ILG-SEFE1,Primary BMU,OTHER,OTHER,BMU,Generation,,,,
ILG-SETL1,I_ILG-SETL1,Primary BMU,OTHER,OTHER,BMU,Generation,,,,
ILG-STGS1,I_ILG-STGS1,Primary BMU,OTHER,OTHER,BMU,Generation,,,,
ILG-TGPL1,I_ILG-TGPL1,Primary BMU,OTHER,OTHER,BMU,Generation,,,,
ILG-TRFD1,I_ILG-TRFD1,Primary BMU,OTHER,OTHER,BMU,Generation,,,,
ILG-TRFG1,I_ILG-TRFG1,Primary BMU,OTHER,OTHER,BMU,Generation,,,,
ILG-VOLT1,I_ILG-VOLT1,Primary BMU,OTHER,OTHER,BMU,Generation,,,,
ILG-VSAL1,I_ILG-VSAL1,Primary BMU,OTHER,OTHER,BMU,Generation,,,,
ILG-XNON1,I_ILG-XNON1,Primary BMU,OTHER,OTHER,BMU,Generation,,,,
ILG_EZCO1,,Primary BMU,OTHER,OTHER,BMU,Generation,,,,
ILMEB-1,E_ILMEB-1,Primary BMU,OTHER,BATTERY,BMU,Bi-Directional,,,,
IMD-AXPO1,I_IMD-AXPO1,Primary BMU,INTIRL,OTHER,BMU,Demand,,,,
IMD-BGSE1,I_IMD-BGSE1,Primary BMU,INTIRL,OTHER,BMU,Demand,,,,
IMD-BRKF1,I_IMD-BRKF1,Primary BMU,INTIRL,OTHER,BMU,Demand,,,,
IMD-DSKC1,I_IMD-DSKC1,Primary BMU,INTIRL,OTHER,BMU,Demand,,,,
IMD-EGEN1,,Primary BMU,INTIRL,OTHER,BMU,Demand,,,,
IMD-ELTR1,I_IMD-ELTR1,Primary BMU,INTIRL,OTHER,BMU,Demand,,,,
IMD-ENGI1,I_IMD-ENGI1,Primary BMU,INTIRL,OTHER,BMU,Demand,,,,
IMD-ERVA1,I_IMD-ERVA1,Primary BMU,INTIRL,OTHER,BMU,Demand,,,,
IMD-ESBE1,I_IMD-ESBE1,Primary BMU,INTIRL,OTHER,BMU,Demand,,,,
IMD-ESBI1,I_IMD-ESBI1,Primary BMU,INTIRL,OTHER,BMU,Demand,,,,
IMD-GAZP1,,Primary BMU,INTIRL,OTHER,BMU,Demand,,,,
IMD-INCM1,I_IMD-INCM1,Primary BMU,INTIRL,OTHER,BMU,Demand,,,,
IMD-LTFD1,I_IMD-LTFD1,Primary BMU,INTIRL,OTHER,BMU,Demand,,,,
IMD-NSEN1,I_IMD-NSEN1,Primary BMU,INTIRL,OTHER,BMU,Demand,,,,
IMD-RWES1,I_IMD-RWES1,Primary BMU,INTIRL,OTHER,BMU,Demand,,,,
IMD-SEEL1,I_IMD-SEEL1,Primary BMU,INTIRL,OTHER,BMU,Demand,,,,
IMD-SPEM1,,Primary BMU,INTIRL,OTHER,BMU,Demand,,,,
IMD-STAT1,I_IMD-STAT1,Primary BMU,INTIRL,OTHER,BMU,Demand,,,,
IMD-VESL1,I_IMD-VESL1,Primary BMU,INTIRL,OTHER,BMU,Demand,,,,
IMG-AXPO1,I_IMG-AXPO1,Primary BMU,INTIRL,OTHER,BMU,Generation,,,,
IMG-BGSE1,I_IMG-BGSE1,Primary BMU,INTIRL,OTHER,BMU,Generation,,,,
IMG-BRKF1,I_IMG-BRKF1,Primary BMU,INTIRL,OTHER,BMU,Generation,,,,
IMG-DSKC1,I_IMG-DSKC1,Primary BMU,INTIRL,OTHER,BMU,Generation,,,,
IMG-EGEN1,,Primary BMU,INTIRL,OTHER,BMU,Generation,,,,
IMG-ELTR1,I_IMG-ELTR1,Primary BMU,INTIRL,OTHER,BMU,Generation,,,,
IMG-ENGI1,I_IMG-ENGI1,Primary BMU,INTIRL,OTHER,BMU,Generation,,,,
IMG-ERVA1,I_IMG-ERVA1,Primary BMU,INTIRL,OTHER,BMU,Generation,,,,
IMG-ESBE1,I_IMG-ESBE1,Primary BMU,INTIRL,OTHER,BMU,Generation,,,,
IMG-ESBI1,I_IMG-ESBI1,Primary BMU,INTIRL,OTHER,BMU,Generation,,,,
IMG-GAZP1,,Primary BMU,INTIRL,OTHER,BMU,Generation,,,,
IMG-INCM1,I_IMG-INCM1,Primary BMU,INTIRL,OTHER,BMU,Generation,,,,
IMG-LTFD1,I_IMG-LTFD1,Primary BMU,INTIRL,OTHER,BMU,Generation,,,,
IMG-NSEN1,I_IMG-NSEN1,Primary BMU,INTIRL,OTHER,BMU,Generation,,,,
IMG-RWES1,I_IMG-RWES1,Primary BMU,INTIRL,OTHER,BMU,Generation,,,,
IMG-SEEL1,I_IMG-SEEL1,Primary BMU,INTIRL,OTHER,BMU,Generation,,,,
IMG-SPEM1,,Primary BMU,INTIRL,OTHER,BMU,Generation,,,,
IMG-STAT1,I_IMG-STAT1,Primary BMU,INTIRL,OTHER,BMU,Generation,,,,
IMG-VESL1,I_IMG-VESL1,Primary BMU,INTIRL,OTHER,BMU,Generation,,,,
IND-ALIP1,I_IND-ALIP1,Primary BMU,INTNEM,OTHER,BMU,Demand,,,,
IND-ALPE1,I_IND-ALPE1,Primary BMU,INTNEM,OTHER,BMU,Demand,,,,
IND-ARON1,I_IND-ARON1,Primary BMU,,OTHER,BMU,Demand,,,,
IND-AROS1,I_IND-AROS1,Primary BMU,INTNEM,OTHER,BMU,Demand,,,,
IND-ATLS1,I_IND-ATLS1,Primary BMU,INTNEM,OTHER,BMU,Demand,,,,
IND-AXPO1,I_IND-AXPO1,Primary BMU,INTNEM,OTHER,BMU,Demand,,,,
IND-BDEN1,I_IND-BDEN1,Primary BMU,INTNEM,OTHER,BMU,Demand,,,,
IND-BKWE1,I_IND-BKWE1,Primary BMU,,OTHER,BMU,Demand,,,,
IND-BPGM1,I_IND-BPGM1,Primary BMU,,OTHER,BMU,Demand,,,,
IND-CACM1,I_IND-CACM1,Primary BMU,INTNEM,OTHER,BMU,Demand,,,,
IND-CBST1,I_IND-CBST1,Primary BMU,INTNEM,OTHER,BMU,Demand,,,,
IND-CENT1,I_IND-CENT1,Primary BMU,OTHER,OTHER,BMU,Demand,,,,
IND-CEZC1,I_IND-CEZC1,Primary BMU,OTHER,OTHER,BMU,Demand,,,,
IND-CFPE1,I_IND-CFPE1,Primary BMU,INTNEM,OTHER,BMU,Demand,,,,
IND-CNGS1,I_IND-CNGS1,Primary BMU,,OTHER,BMU,Demand,,,,
IND-COMM1,I_IND-COMM1,Primary BMU,INTNEM,OTHER,BMU,Demand,,,,
IND-CONS1,I_IND-CONS1,Primary BMU,INTNEM,OTHER,BMU,Demand,,,,
IND-CONV1,I_IND-CONV1,Primary BMU,INTNEM,OTHER,BMU,Demand,,,,
IND-COPN1,I_IND-COPN1,Primary BMU,INTNEM,OTHER,BMU,Demand,,,,
IND-DARE1,I_IND-DARE1,Primary BMU,INTNEM,OTHER,BMU,Demand,,,,
IND-DMCC1,I_IND-DMCC1,Primary BMU,INTNEM,OTHER,BMU,Demand,,,,
IND-DSKC1,I_IND-DSKC1,Primary BMU,,OTHER,BMU,Demand,,,,
IND-DUFE1,I_IND-DUFE1,Primary BMU,,OTHER,BMU,Demand,,,,
IND-DVAL1,I_IND-DVAL1,Primary BMU,INTNEM,OTHER,BMU,Demand,,,,
IND-EDFT1,I_IND-EDFT1,Primary BMU,,OTHER,BMU,Demand,,,,
IND-EDMK1,I_IND-EDMK1,Primary BMU,,OTHER,BMU,Demand,,,,
IND-ELEE1,I_IND-ELEE1,Primary BMU,,OTHER,BMU,Demand,,,,
IND-ELTR1,I_IND-ELTR1,Primary BMU,,OTHER,BMU,Demand,,,,
IND-ENET1,I_IND-ENET1,Primary BMU,,OTHER,BMU,Demand,,,,
IND-ENTC1,I_IND-ENTC1,Primary BMU,INTNEM,OTHER,BMU,Demand,,,,
IND-EPCO1,I_IND-EPCO1,Primary BMU,INTNEM,OTHER,BMU,Demand,,,,
IND-EWII1,I_IND-EWII1,Primary BMU,OTHER,OTHER,BMU,Demand,,,,
IND-EZCO1,I_IND-EZCO1,Primary BMU,INTNEM,OTHER,BMU,Demand,,,,
IND-FLEX1,I_IND-FLEX1,Primary BMU,INTNEM,OTHER,BMU,Demand,,,,
IND-GASE1,I_IND-GASE1,Primary BMU,INTNEM,OTHER,BMU,Demand,,,,
IND-GAZP1,I_IND-GAZP1,Primary BMU,,OTHER,BMU,Demand,,,,
IND-GLEN1,I_IND-GLEN1,Primary BMU,INTNEM,OTHER,BMU,Demand,,,,
IND-GRMC1,I_IND-GRMC1,Primary BMU,INTNEM,OTHER,BMU,Demand,,,,
IND-HART1,I_IND-HART1,Primary BMU,INTNEM,OTHER,BMU,Demand,,,,
IND-HELI1,I_IND-HELI1,Primary BMU,INTNEM,OTHER,BMU,Demand,,,,
IND-IDCE1,I_IND-IDCE1,Primary BMU,INTNEM,OTHER,BMU,Demand,,,,
IND-INCM1,I_IND-INCM1,Primary BMU,,OTHER,BMU,Demand,,,,
IND-KCST1,I_IND-KCST1,Primary BMU,,OTHER,BMU,Demand,,,,
IND-LMUS1,I_IND-LMUS1,Primary BMU,INTNEM,OTHER,BMU,Demand,,,,
IND-MCRA1,I_IND-MCRA1,Primary BMU,,OTHER,BMU,Demand,,,,
IND-MFTE1,I_IND-MFTE1,Primary BMU,,OTHER,BMU,Demand,,,,
IND-NDPL1,,Primary BMU,,OTHER,BMU,Demand,,,,
IND-NEAS1,I_IND-NEAS1,Primary BMU,,OTHER,BMU,Demand,,,,
IND-NEHO1,I_IND-NEHO1,Primary BMU,INTNEM,OTHER,BMU,Demand,,,,
IND-NEMO1,I_IND-NEMO1,Primary BMU,,OTHER,BMU,Demand,,,,
IND-NITR1,I_IND-NITR1,Primary BMU,INTNEM,OTHER,BMU,Demand,,,,
IND-NORL1,I_IND-NORL1,Primary BMU,INTNEM,OTHER,BMU,Demand,,,,
IND-NTPL1,I_IND-NTPL1,Primary BMU,OTHER,OTHER,BMU,Demand,,,,
IND-OMPX1,I_IND-OMPX1,Primary BMU,OTHER,OTHER,BMU,Demand,,,,
IND-OPMX1,I_IND-OPMX1,Primary BMU,INTNEM,OTHER,BMU,Demand,,,,
IND-OUTL1,I_IND-OUTL1,Primary BMU,OTHER,OTHER,BMU,Demand,,,,
IND-PWMR1,I_IND-PWMR1,Primary BMU,,OTHER,BMU,Demand,,,,
IND-QUEN1,I_IND-QUEN1,Primary BMU,INTNEM,OTHER,BMU,Demand,,,,
IND-RESP1,I_IND-RESP1,Primary BMU,INTNEM,OTHER,BMU,Demand,,,,
IND-RISQ1,I_IND-RISQ1,Primary BMU,OTHER,OTHER,BMU,Demand,,,,
IND-RWES1,I_IND-RWES1,Primary BMU,INTNEM,OTHER,BMU,Demand,,,,
IND-SETL1,I_IND-SETL1,Primary BMU,INTNEM,OTHER,BMU,Demand,,,,
IND-SSEG1,I_IND-SSEG1,Primary BMU,OTHER,OTHER,BMU,Demand,,,,
IND-STAT1,I_IND-STAT1,Primary BMU,,OTHER,BMU,Demand,,,,
IND-STGS1,I_IND-STGS1,Primary BMU,INTNEM,OTHER,BMU,Demand,,,,
IND-TGPL1,I_IND-TGPL1,Primary BMU,,OTHER,BMU,Demand,,,,
IND-TRFD1,I_IND-TRFD1,Primary BMU,INTNEM,OTHER,BMU,Demand,,,,
IND-TRFG1,I_IND-TRFG1,Primary BMU,INTNEM,OTHER,BMU,Demand,,,,
IND-TRLS1,I_IND-TRLS1,Primary BMU,,OTHER,BMU,Demand,,,,
IND-VOLT1,I_IND-VOLT1,Primary BMU,OTHER,OTHER,BMU,Demand,,,,
IND-VSAL1,I_IND-VSAL1,Primary BMU,,OTHER,BMU,Demand,,,,
IND-VTET1,I_IND-VTET1,Primary BMU,,OTHER,BMU,Demand,,,,
IND-XNON1,I_IND-XNON1,Primary BMU,,OTHER,BMU,Demand,,,,
INDQ-1,T_INDQ-1,Primary BMU,OCGT,OCGT,BMU,Generation,,50.396,-4.8997,
INDQB-1,,Primary BMU,OTHER,BATTERY,BMU,Bi-Directional,YES,,,
ING-ALIP1,I_ING-ALIP1,Primary BMU,INTNEM,OTHER,BMU,Generation,,,,
ING-ALPE1,I_ING-ALPE1,Primary BMU,INTNEM,OTHER,BMU,Generation,,,,
ING-ARON1,I_ING-ARON1,Primary BMU,,OTHER,BMU,Generation,,,,
ING-AROS1,I_ING-AROS1,Primary BMU,INTNEM,OTHER,BMU,Generation,,,,
ING-ATLS1,I_ING-ATLS1,Primary BMU,INTNEM,OTHER,BMU,Generation,,,,
ING-AXPO1,I_ING-AXPO1,Primary BMU,INTNEM,OTHER,BMU,Generation,,,,
ING-BDEN1,I_ING-BDEN1,Primary BMU,INTNEM,OTHER,BMU,Generation,,,,
ING-BKWE1,I_ING-BKWE1,Primary BMU,,OTHER,BMU,Generation,,,,
ING-BPGM1,I_ING-BPGM1,Primary BMU,,OTHER,BMU,Generation,,,,
ING-CACM1,I_ING-CACM1,Primary BMU,INTNEM,OTHER,BMU,Generation,,,,
ING-CBST1,I_ING-CBST1,Primary BMU,INTNEM,OTHER,BMU,Generation,,,,
ING-CENT1,I_ING-CENT1,Primary BMU,OTHER,OTHER,BMU,Generation,,,,
ING-CEZC1,I_ING-CEZC1,Primary BMU,OTHER,OTHER,BMU,Generation,,,,
ING-CFPE1,I_ING-CFPE1,Primary BMU,INTNEM,OTHER,BMU,Generation,,,,
ING-CNGS1,I_ING-CNGS1,Primary BMU,,OTHER,BMU,Generation,,,,
ING-COMM1,I_ING-COMM1,Primary BMU,INTNEM,OTHER,BMU,Generation,,,,
ING-CONS1,I_ING-CONS1,Primary BMU,INTNEM,OTHER,BMU,Generation,,,,
ING-CONV1,I_ING-CONV1,Primary BMU,INTNEM,OTHER,BMU,Generation,,,,
ING-COPN1,I_ING-COPN1,Primary BMU,INTNEM,OTHER,BMU,Generation,,,,
ING-DARE1,I_ING-DARE1,Primary BMU,INTNEM,OTHER,BMU,Generation,,,,
ING-DMCC1,I_ING-DMCC1,Primary BMU,INTNEM,OTHER,BMU,Generation,,,,
ING-DSKC1,I_ING-DSKC1,Primary BMU,,OTHER,BMU,Generation,,,,
ING-DUFE1,I_ING-DUFE1,Primary BMU,,OTHER,BMU,Generation,,,,
ING-DVAL1,I_ING-DVAL1,Primary BMU,INTNEM,OTHER,BMU,Generation,,,,
ING-EDFT1,I_ING-EDFT1,Primary BMU,,OTHER,BMU,Generation,,,,
ING-EDMK1,I_ING-EDMK1,Primary BMU,,OTHER,BMU,Generation,,,,
ING-ELEE1,I_ING-ELEE1,Primary BMU,,OTHER,BMU,Generation,,,,
ING-ELTR1,I_ING-ELTR1,Primary BMU,,OTHER,BMU,Generation,,,,
ING-ENET1,I_ING-ENET1,Primary BMU,,OTHER,BMU,Generation,,,,
ING-ENTC1,I_ING-ENTC1,Primary BMU,INTNEM,OTHER,BMU,Generation,,,,
ING-EPCO1,I_ING-EPCO1,Primary BMU,INTNEM,OTHER,BMU,Generation,,,,
ING-EWII1,I_ING-EWII1,Primary BMU,OTHER,OTHER,BMU,Generation,,,,
ING-EZCO1,I_ING-EZCO1,Primary BMU,INTNEM,OTHER,BMU,Generation,,,,
ING-FLEX1,I_ING-FLEX1,Primary BMU,INTNEM,OTHER,BMU,Generation,,,,
ING-GASE1,I_ING-GASE1,Primary BMU,INTNEM,OTHER,BMU,Generation,,,,
ING-GAZP1,I_ING-GAZP1,Primary BMU,INTBN,OTHER,BMU,Generation,,,,
ING-GLEN1,I_ING-GLEN1,Primary BMU,INTNEM,OTHER,BMU,Generation,,,,
ING-GRMC1,I_ING-GRMC1,Primary BMU,INTNEM,OTHER,BMU,Generation,,,,
ING-HART1,I_ING-HART1,Primary BMU,INTNEM,OTHER,BMU,Generation,,,,
ING-HELI1,I_ING-HELI1,Primary BMU,INTNEM,OTHER,BMU,Generation,,,,
ING-IDCE1,I_ING-IDCE1,Primary BMU,INTNEM,OTHER,BMU,Generation,,,,
ING-INCM1,I_ING-INCM1,Primary BMU,INTFR,OTHER,BMU,Generation,,,,
ING-KCST1,I_ING-KCST1,Primary BMU,,OTHER,BMU,Generation,,,,
ING-LMUS1,I_ING-LMUS1,Primary BMU,INTNEM,OTHER,BMU,Generation,,,,
ING-MCRA1,I_ING-MCRA1,Primary BMU,,OTHER,BMU,Generation,,,,
ING-MFTE1,I_ING-MFTE1,Primary BMU,,OTHER,BMU,Generation,,,,
ING-NEAS1,I_ING-NEAS1,Primary BMU,,OTHER,BMU,Generation,,,,
ING-NEHO1,I_ING-NEHO1,Primary BMU,INTNEM,OTHER,BMU,Generation,,,,
ING-NEMO1,I_ING-NEMO1,Primary BMU,INTBN,OTHER,BMU,Generation,,,,
ING-NITR1,I_ING-NITR1,Primary BMU,INTNEM,OTHER,BMU,Generation,YES,,,
ING-NORL1,I_ING-NORL1,Primary BMU,INTNEM,OTHER,BMU,Generation,,,,
ING-NTPL1,I_ING-NTPL1,Primary BMU,CCGT,OTHER,BMU,Generation,,,,
ING-OMPX1,I_ING-OMPX1,Primary BMU,OTHER,OTHER,BMU,Generation,,,,
ING-OPMX1,I_ING-OPMX1,Primary BMU,INTNEM,OTHER,BMU,Generation,,,,
ING-OUTL1,I_ING-OUTL1,Primary BMU,OTHER,OTHER,BMU,Generation,,,,
ING-PWMR1,I_ING-PWMR1,Primary BMU,,OTHER,BMU,Generation,,,,
ING-QUEN1,I_ING-QUEN1,Primary BMU,INTNEM,OTHER,BMU,Generation,,,,
ING-RESP1,I_ING-RESP1,Primary BMU,INTNEM,OTHER,BMU,Generation,,,,
ING-RISQ1,I_ING-RISQ1,Primary BMU,OTHER,OTHER,BMU,Generation,,,,
ING-RWES1,I_ING-RWES1,Primary BMU,INTNEM,OTHER,BMU,Generation,,,,
ING-SETL1,I_ING-SETL1,Primary BMU,INTNEM,OTHER,BMU,Generation,,,,
ING-SSEG1,I_ING-SSEG1,Primary BMU,OTHER,OTHER,BMU,Generation,,,,
ING-STAT1,I_ING-STAT1,Primary BMU,,OTHER,BMU,Generation,,,,
ING-STGS1,I_ING-STGS1,Primary BMU,INTNEM,OTHER,BMU,Generation,,,,
ING-TGPL1,I_ING-TGPL1,Primary BMU,,OTHER,BMU,Generation,,,,
ING-TRFD1,I_ING-TRFD1,Primary BMU,INTNEM,OTHER,BMU,Generation,,,,
ING-TRFG1,I_ING-TRFG1,Primary BMU,INTNEM,OTHER,BMU,Generation,,,,
ING-TRLS1,I_ING-TRLS1,Primary BMU,,OTHER,BMU,Generation,,,,
ING-VOLT1,I_ING-VOLT1,Primary BMU,OTHER,OTHER,BMU,Generation,,,,
ING-VSAL1,I_ING-VSAL1,Primary BMU,,OTHER,BMU,Generation,,,,
ING-VTET1,I_ING-VTET1,Primary BMU,,OTHER,BMU,Generation,,,,
ING-XNON1,I_ING-XNON1,Primary BMU,,OTHER,BMU,Generation,,,,
INGA-1,,Primary BMU,NPSHYD,NPSHYD,BMU,Generation,,,,
INGAD-1,T_INGAD-1,Primary BMU,OTHER,OTHER,BMU,Demand,,,,
INNDW-1,,Primary BMU,WIND,WIND,BMU,Generation,,,,
INWID-1,T_INWID-1,Primary BMU,OTHER,OTHER,BMU,Demand,,,,
ISD-DMCC1,I_ISD-DMCC1,Primary BMU,OTHER,OTHER,BMU,Demand,,,,
ISD-NDPL1,I_ISD-NDPL1,Primary BMU,INTFR,OTHER,BMU,Demand,,,,
ISG-DMCC1,I_ISG-DMCC1,Primary BMU,OTHER,OTHER,BMU,Generation,,,,
ISG-NDPL1,I_ISG-NDPL1,Primary BMU,INTFR,OTHER,BMU,Generation,,,,
IVD-AARH1,I_IVD-AARH1,Primary BMU,OTHER,OTHER,BMU,Demand,,,,
IVD-ALIP1,I_IVD-ALIP1,Primary BMU,OTHER,OTHER,BMU,Demand,,,,
IVD-AROS1,I_IVD-AROS1,Primary BMU,OTHER,OTHER,BMU,Demand,,,,
IVD-ATLS1,I_IVD-ATLS1,Primary BMU,OTHER,OTHER,BMU,Demand,,,,
IVD-BDEN1,I_IVD-BDEN1,Primary BMU,OTHER,OTHER,BMU,Demand,,,,
IVD-CACM1,I_IVD-CACM1,Primary BMU,OTHER,OTHER,BMU,Demand,,,,
IVD-CONV1,I_IVD-CONV1,Primary BMU,OTHER,OTHER,BMU,Demand,,,,
IVD-COPN1,I_IVD-COPN1,Primary BMU,OTHER,OTHER,BMU,Demand,,,,
IVD-CURR1,I_IVD-CURR1,Primary BMU,OTHER,OTHER,BMU,Demand,,,,
IVD-DARE1,I_IVD-DARE1,Primary BMU,OTHER,OTHER,BMU,Demand,,,,
IVD-DSKC1,I_IVD-DSKC1,Primary BMU,OTHER,OTHER,BMU,Demand,,,,
IVD-DVAL1,I_IVD-DVAL1,Primary BMU,OTHER,OTHER,BMU,Demand,,,,
IVD-EDFT1,I_IVD-EDFT1,Primary BMU,OTHER,OTHER,BMU,Demand,,,,
IVD-EDMK1,I_IVD-EDMK1,Primary BMU,OTHER,OTHER,BMU,Demand,,,,
IVD-EENG1,I_IVD-EENG1,Primary BMU,OTHER,OTHER,BMU,Demand,,,,
IVD-ELTR1,I_IVD-ELTR1,Primary BMU,OTHER,OTHER,BMU,Demand,,,,
IVD-ENSC1,I_IVD-ENSC1,Primary BMU,OTHER,OTHER,BMU,Demand,,,,
IVD-EWII1,I_IVD-EWII1,Primary BMU,OTHER,OTHER,BMU,Demand,,,,
IVD-EZCO1,I_IVD-EZCO1,Primary BMU,OTHER,OTHER,BMU,Demand,,,,
IVD-GRMC1,I_IVD-GRMC1,Primary BMU,OTHER,OTHER,BMU,Demand,,,,
IVD-GRMT1,I_IVD-GRMT1,Primary BMU,OTHER,OTHER,BMU,Demand,,,,
IVD-HART1,I_IVD-HART1,Primary BMU,OTHER,OTHER,BMU,Demand,,,,
IVD-HELI1,I_IVD-HELI1,Primary BMU,OTHER,OTHER,BMU,Demand,,,,
IVD-HELI2,,Primary BMU,OTHER,OTHER,BMU,Demand,,,,
IVD-IDCT1,I_IVD-IDCT1,Primary BMU,OTHER,OTHER,BMU,Demand,,,,
IVD-INCM1,I_IVD-INCM1,Primary BMU,OTHER,OTHER,BMU,Demand,,,,
IVD-LYSE1,I_IVD-LYSE1,Primary BMU,OTHER,OTHER,BMU,Demand,,,,
IVD-MFTE1,I_IVD-MFTE1,Primary BMU,OTHER,OTHER,BMU,Demand,,,,
IVD-NEAS1,I_IVD-NEAS1,Primary BMU,OTHER,OTHER,BMU,Demand,,,,
IVD-NEHO1,I_IVD-NEHO1,Primary BMU,OTHER,OTHER,BMU,Demand,,,,
IVD-NITR1,I_IVD-NITR1,Primary BMU,OTHER,OTHER,BMU,Demand,,,,
IVD-NORL1,I_IVD-NORL1,Primary BMU,OTHER,OTHER,BMU,Demand,,,,
IVD-NTPL1,I_IVD-NTPL1,Primary BMU,OTHER,OTHER,BMU,Demand,,,,
IVD-OPMX1,I_IVD-OPMX1,Primary BMU,OTHER,OTHER,BMU,Demand,,,,
IVD-OUTL1,I_IVD-OUTL1,Primary BMU,OTHER,OTHER,BMU,Demand,,,,
IVD-PWMR1,I_IVD-PWMR1,Primary BMU,OTHER,OTHER,BMU,Demand,,,,
IVD-QTPT1,I_IVD-QTPT1,Primary BMU,OTHER,OTHER,BMU,Demand,,,,
IVD-QUEN1,I_IVD-QUEN1,Primary BMU,OTHER,OTHER,BMU,Demand,,,,
IVD-RESP1,I_IVD-RESP1,Primary BMU,OTHER,OTHER,BMU,Demand,,,,
IVD-RWES1,I_IVD-RWES1,Primary BMU,OTHER,OTHER,BMU,Demand,,,,
IVD-SEFE1,I_IVD-SEFE1,Primary BMU,OTHER,OTHER,BMU,Demand,,,,
IVD-STAT1,I_IVD-STAT1,Primary BMU,OTHER,OTHER,BMU,Demand,,,,
IVD-STGS1,I_IVD-STGS1,Primary BMU,OTHER,OTHER,BMU,Demand,,,,
IVD-STGS2,,Primary BMU,OTHER,OTHER,BMU,Demand,,,,
IVD-TGPL1,I_IVD-TGPL1,Primary BMU,OTHER,OTHER,BMU,Demand,,,,
IVD-TRAS1,I_IVD-TRAS1,Primary BMU,OTHER,OTHER,BMU,Demand,,,,
IVD-TRLS1,I_IVD-TRLS1,Primary BMU,OTHER,OTHER,BMU,Demand,,,,
IVD-VKL1,,Primary BMU,OTHER,OTHER,BMU,Demand,,,,
IVD-VOLT1,I_IVD-VOLT1,Primary BMU,OTHER,OTHER,BMU,Demand,,,,
IVD-VSAL1,I_IVD-VSAL1,Primary BMU,OTHER,OTHER,BMU,Demand,,,,
IVD-VTFS1,I_IVD-VTFS1,Primary BMU,OTHER,OTHER,BMU,Demand,,,,
IVG-AARH1,I_IVG-AARH1,Primary BMU,OTHER,OTHER,BMU,Generation,,,,
IVG-ALIP1,I_IVG-ALIP1,Primary BMU,OTHER,OTHER,BMU,Generation,,,,
IVG-AROS1,I_IVG-AROS1,Primary BMU,OTHER,OTHER,BMU,Generation,,,,
IVG-ATLS1,I_IVG-ATLS1,Primary BMU,OTHER,OTHER,BMU,Generation,,,,
IVG-BDEN1,I_IVG-BDEN1,Primary BMU,OTHER,OTHER,BMU,Generation,,,,
IVG-CACM1,I_IVG-CACM1,Primary BMU,OTHER,OTHER,BMU,Generation,,,,
IVG-CONV1,I_IVG-CONV1,Primary BMU,OTHER,OTHER,BMU,Generation,,,,
IVG-COPN1,I_IVG-COPN1,Primary BMU,OTHER,OTHER,BMU,Generation,,,,
IVG-CURR1,I_IVG-CURR1,Primary BMU,OTHER,OTHER,BMU,Generation,,,,
IVG-DARE1,I_IVG-DARE1,Primary BMU,OTHER,OTHER,BMU,Generation,,,,
IVG-DSKC1,I_IVG-DSKC1,Primary BMU,OTHER,OTHER,BMU,Generation,,,,
IVG-DVAL1,I_IVG-DVAL1,Primary BMU,OTHER,OTHER,BMU,Generation,,,,
IVG-EDFT1,I_IVG-EDFT1,Primary BMU,OTHER,OTHER,BMU,Generation,,,,
IVG-EDMK1,I_IVG-EDMK1,Primary BMU,OTHER,OTHER,BMU,Generation,,,,
IVG-EENG1,I_IVG-EENG1,Primary BMU,OTHER,OTHER,BMU,Generation,,,,
IVG-ELTR1,I_IVG-ELTR1,Primary BMU,OTHER,OTHER,BMU,Generation,,,,
IVG-ENSC1,I_IVG-ENSC1,Primary BMU,OTHER,OTHER,BMU,Generation,,,,
IVG-EWII1,I_IVG-EWII1,Primary BMU,OTHER,OTHER,BMU,Generation,,,,
IVG-EZCO1,I_IVG-EZCO1,Primary BMU,OTHER,OTHER,BMU,Generation,,,,
IVG-GRMC1,I_IVG-GRMC1,Primary BMU,OTHER,OTHER,BMU,Generation,,,,
IVG-GRMT1,I_IVG-GRMT1,Primary BMU,OTHER,OTHER,BMU,Generation,,,,
IVG-HART1,I_IVG-HART1,Primary BMU,OTHER,OTHER,BMU,Generation,,,,
IVG-HELI1,I_IVG-HELI1,Primary BMU,OTHER,OTHER,BMU,Generation,,,,
IVG-HELI2,,Primary BMU,OTHER,OTHER,BMU,Generation,,,,
IVG-IDCT1,I_IVG-IDCT1,Primary BMU,OTHER,OTHER,BMU,Generation,,,,
IVG-INCM1,I_IVG-INCM1,Primary BMU,OTHER,OTHER,BMU,Generation,,,,
IVG-LYSE1,I_IVG-LYSE1,Primary BMU,OTHER,OTHER,BMU,Generation,,,,
IVG-MFTE1,I_IVG-MFTE1,Primary BMU,OTHER,OTHER,BMU,Generation,,,,
IVG-NEAS1,I_IVG-NEAS1,Primary BMU,OTHER,OTHER,BMU,Generation,,,,
IVG-NEHO1,I_IVG-NEHO1,Primary BMU,OTHER,OTHER,BMU,Generation,,,,
IVG-NITR1,I_IVG-NITR1,Primary BMU,OTHER,OTHER,BMU,Generation,,,,
IVG-NORL1,I_IVG-NORL1,Primary BMU,OTHER,OTHER,BMU,Generation,,,,
IVG-NTPL1,I_IVG-NTPL1,Primary BMU,OTHER,OTHER,BMU,Generation,,,,
IVG-OPMX1,I_IVG-OPMX1,Primary BMU,OTHER,OTHER,BMU,Generation,,,,
IVG-OUTL1,I_IVG-OUTL1,Primary BMU,OTHER,OTHER,BMU,Generation,,,,
IVG-PWMR1,I_IVG-PWMR1,Primary BMU,OTHER,OTHER,BMU,Generation,,,,
IVG-QTPT1,I_IVG-QTPT1,Primary BMU,OTHER,OTHER,BMU,Generation,,,,
IVG-QUEN1,I_IVG-QUEN1,Primary BMU,OTHER,OTHER,BMU,Generation,,,,
IVG-RESP1,I_IVG-RESP1,Primary BMU,OTHER,OTHER,BMU,Generation,,,,
IVG-RWES1,I_IVG-RWES1,Primary BMU,OTHER,OTHER,BMU,Generation,,,,
IVG-SEFE1,I_IVG-SEFE1,Primary BMU,,OTHER,BMU,Generation,,,,
IVG-STAT1,I_IVG-STAT1,Primary BMU,OTHER,OTHER,BMU,Generation,,,,
IVG-STGS1,I_IVG-STGS1,Primary BMU,OTHER,OTHER,BMU,Generation,,,,
IVG-STGS2,,Primary BMU,OTHER,OTHER,BMU,Generation,,,,
IVG-TGPL1,I_IVG-TGPL1,Primary BMU,OTHER,OTHER,BMU,Generation,,,,
IVG-TRAS1,I_IVG-TRAS1,Primary BMU,OTHER,OTHER,BMU,Generation,,,,
IVG-TRLS1,I_IVG-TRLS1,Primary BMU,OTHER,OTHER,BMU,Generation,,,,
IVG-VKL1,,Primary BMU,OTHER,OTHER,BMU,Generation,,,,
IVG-VOLT1,I_IVG-VOLT1,Primary BMU,OTHER,OTHER,BMU,Generation,,,,
IVG-VSAL1,I_IVG-VSAL1,Primary BMU,OTHER,OTHER,BMU,Generation,,,,
IVG-VTFS1,I_IVG-VTFS1,Primary BMU,OTHER,OTHER,BMU,Generation,,,,
JAMBB-1,E_JAMBB-1,Primary BMU,OTHER,BATTERY,BMU,Bi-Directional,,,,
JAMBB-2,E_JAMBB-2,Primary BMU,OTHER,BATTERY,BMU,Bi-Directional,YES,,,
JGPR-1,T_JGPR-1,Primary BMU,BIOMASS,BIOMASS,BMU,Generation,YES,53.21376745406104,-0.7981156125823409,6227.0
KEAD-1,T_KEAD-1,Primary BMU,CCGT,GAS,BMU,Generation,YES,53.5944,-0.750442,
KEAD-2,T_KEAD-2,Primary BMU,CCGT,CCGT,BMU,Generation,YES,53.5952,-0.7522,
KEADGT-3,T_KEADGT-3,Primary BMU,OCGT,OCGT,BMU,Generation,YES,53.5944,-0.750442,
KEMB-1,T_KEMB-1,Primary BMU,OTHER,BATTERY,BMU,Bi-Directional,YES,,,
KENFW-1,,Primary BMU,WIND,WIND,BMU,Generation,,,,
KENNW-1,T_KENNW-1,Primary BMU,WIND,WIND,BMU,Generation,,55.49791780961516,-3.9463100918999765,4385.0
KEOOH-1,,Primary BMU,NPSHYD,NPSHYD,BMU,Generation,YES,,,
KHLLW-1,E_KHLLW-1,Primary BMU,WIND,WIND,BMU,Generation,,,,
KILBW-1,T_KILBW-1,Primary BMU,WIND,WIND,BMU,Generation,,58.04040163757691,-4.058804857595992,3202.0
KILLPG-1,T_KILLPG-1,Primary BMU,CCGT,GAS,BMU,Generation,YES,53.65419,-0.25518,
KILLPG-2,T_KILLPG-2,Primary BMU,CCGT,GAS,BMU,Generation,YES,53.65419,-0.25518,
KILLSC-1,T_KILLSC-1,Primary BMU,OTHER,OTHER,BMU,Generation,YES,,,
KILLSC-2,T_KILLSC-2,Primary BMU,OTHER,OTHER,BMU,Generation,,,,
KINCW-1,E_KINCW-1,Primary BMU,WIND,WIND,BMU,Generation,,57.0046,-1.8596,6136.0
KIOR-1,,Primary BMU,NPSHYD,NPSHYD,BMU,Generation,YES,,,
KIOR-2,,Primary BMU,NPSHYD,NPSHYD,BMU,Generation,,,,
KLGLW-1,T_KLGLW-1,Primary BMU,WIND,WIND,BMU,Generation,,55.05,-4.76527778,4386.0
KLYN-A-1,E_KLYN-A-1,Primary BMU,CCGT,GAS,BMU,Generation,YES,52.7273,0.380117,
KPMRW-1,T_KPMRW-1,Primary BMU,WIND,WIND,BMU,Generation,YES,55.632651616712636,-4.036104942819622,4643.0
KTHLW-1,T_KTHLW-1,Primary BMU,WIND,WIND,BMU,Generation,YES,55.81727154871255,-2.8254559263536616,4516.0
KTHRS-1,T_KTHRS-1,Primary BMU,CCGT,CCGT,BMU,Generation,YES,,,
KTHRS-2,T_KTHRS-2,Primary BMU,CCGT,CCGT,BMU,Generation,,,,
KYPEW-1,T_KYPEW-1,Primary BMU,WIND,WIND,BMU,Generation,,55.632651616712636,-4.036104942819622,4643.0
LAGA-1,T_LAGA-1,Primary BMU,CCGT,GAS,BMU,Generation,YES,50.3884,-4.01173,
LARKB-1,T_LARKB-1,Primary BMU,OTHER,BATTERY,BMU,Bi-Directional,YES,,,
LARKS-1,T_LARKS-1,Primary BMU,OTHER,SOLAR,BMU,Generation,YES,51.57851,-2.477369,8051.0
LARYO-1,T_LARYW-1,Primary BMU,WIND,WIND,BMU,Generation,YES,51.6439,1.55361,2507.0
LARYO-2,T_LARYW-2,Primary BMU,WIND,WIND,BMU,Generation,YES,51.6439,1.55361,2507.0
LARYO-3,T_LARYW-3,Primary BMU,WIND,WIND,BMU,Generation,YES,51.6439,1.55361,2507.0
LARYO-4,T_LARYW-4,Primary BMU,WIND,WIND,BMU,Generation,YES,51.6439,1.55361,2507.0
LBAR-1,T_LBAR-1,Primary BMU,CCGT,GAS,BMU,Generation,YES,52.2044,-0.268889,
LBAR-1G,T_LBAR-1G,Primary BMU,OCGT,OCGT,BMU,Generation,YES,52.2044,-0.268889,
LCHWT-1,E_LCHWT-1,Primary BMU,CCGT,CCGT,BMU,Generation,YES,,,
LCKLB-1,2__LRWED001,Primary BMU,OTHER,BATTERY,BMU,Bi-Directional,,,,
LCLTW-1,T_LCLTW-1,Primary BMU,WIND,WIND,BMU,Generation,,57.65459417039496,-4.816701149722273,4123.0
LCSMH-1,2__PMARB001,Primary BMU,NPSHYD,NPSHYD,EELPS,Generation,YES,56.829,-5.073,6601.0
LEGCB-1,,Primary BMU,OTHER,BATTERY,BMU,Bi-Directional,YES,,,
LFSE01,2__LFSEN200,Primary BMU,OTHER,BATTERY,BMU,Bi-Directional,,,,
LIMKW-1,T_LIMKW-1,Primary BMU,WIND,WIND,BMU,Generation,,,,
LIONB-1,,Primary BMU,OTHER,BATTERY,BMU,Bi-Directional,YES,,,
LIONB-2,,Primary BMU,OTHER,BATTERY,BMU,Bi-Directional,,,,
LIONB-3,,Primary BMU,OTHER,BATTERY,BMU,Bi-Directional,,,,
LIOND-1,,Primary BMU,OTHER,BATTERY,BMU,Demand,,,,
LITRB-1,E_LITRB-1,Primary BMU,OTHER,BATTERY,BMU,Bi-Directional,,,,
LIVI-1,,Primary BMU,NPSHYD,NPSHYD,BMU,Generation,YES,,,
LKSDB-1,T_LKSDB-1,Primary BMU,OTHER,BATTERY,BMU,Bi-Directional,,,,
LLWSD-1,T_LLWSD-1,Primary BMU,OTHER,OTHER,BMU,Demand,YES,,,
LNCSO-1,T_LNCSW-1,Primary BMU,WIND,WIND,BMU,Generation,,53.1833,0.483333,2513.0
LNCSO-2,T_LNCSW-2,Primary BMU,WIND,WIND,BMU,Generation,YES,53.1833,0.483333,2513.0
LNMTH-1,E_LYNE1,Primary BMU,BIOMASS,BIOMASS,BMU,Generation,YES,55.2042,-1.52083,115.0
LNMTH-2,E_LYNE2,Primary BMU,BIOMASS,BIOMASS,BMU,Generation,YES,55.2042,-1.52083,115.0
LNMTH-3,E_LYNE3,Primary BMU,BIOMASS,BIOMASS,BMU,Generation,YES,55.2042,-1.52083,115.0
LOCH-1,,Primary BMU,NPSHYD,NPSHYD,BMU,Generation,YES,,,
LOCH-2,,Primary BMU,NPSHYD,NPSHYD,BMU,Generation,,,,
LON-ATL01,2__CIMPO000,Primary BMU,OTHER,OTHER,BMU,Demand,,,,
LON-AXPO1,2__CAXPO000,Primary BMU,OTHER,OTHER,BMU,Demand,,,,
LON-BGS01,2__CBGAS000,Primary BMU,OTHER,OTHER,BMU,Demand,,,,
LON-BIZ01,2__CBIZZ000,Primary BMU,OTHER,OTHER,BMU,Demand,,,,
LON-EDF01,2__CEDFE000,Primary BMU,OTHER,OTHER,BMU,Demand,,,,
LON-EDR01,2__CEDIR000,Primary BMU,OTHER,OTHER,BMU,Demand,,,,
LON-ENR01,2__CENRD000,Primary BMU,OTHER,OTHER,BMU,Demand,,,,
LON-EON01,2__CEOND000,Primary BMU,OTHER,OTHER,BMU,Demand,,,,
LON-GDF01,2__CRWED000,Primary BMU,OTHER,OTHER,BMU,Demand,,,,
LON-HPW01,2__CHPOW000,Primary BMU,OTHER,OTHER,BMU,Demand,,,,
LON-HVN01,2__CHAVE000,Primary BMU,OTHER,OTHER,BMU,Demand,,,,
LON-LON01,2__CLOND000,Primary BMU,OTHER,OTHER,BMU,Demand,,,,
LON-MID01,,Primary BMU,OTHER,OTHER,BMU,Demand,,,,
LON-MNW01,2__CMANW000,Primary BMU,OTHER,OTHER,BMU,Demand,,,,
LON-MSG01,,Primary BMU,OTHER,OTHER,BMU,Demand,,,,
LON-NPE01,2__CNATP000,Primary BMU,OTHER,OTHER,BMU,Demand,,,,
LON-OCT01,2__CMRCY000,Primary BMU,OTHER,OTHER,BMU,Demand,,,,
LON-OGA01,2__COGAS000,Primary BMU,OTHER,OTHER,BMU,Demand,,,,
LON-PGE01,2__CEMEB000,Primary BMU,OTHER,OTHER,BMU,Demand,,,,
LON-PGU01,2__CPGEN000,Primary BMU,OTHER,OTHER,BMU,Demand,,,,
LON-SEE01,2__CSEEB000,Primary BMU,OTHER,OTHER,BMU,Demand,,,,
LON-SEL01,2__CSMAR000,Primary BMU,OTHER,OTHER,BMU,Demand,,,,
LON-SPC01,2__CSPOW000,Primary BMU,OTHER,OTHER,BMU,Demand,,,,
LON-SSE01,2__CHYDE000,Primary BMU,OTHER,OTHER,BMU,Demand,,,,
LON-STH01,2__CSOUT000,Primary BMU,OTHER,OTHER,BMU,Demand,,,,
LON-SWA01,2__CSWAE000,Primary BMU,OTHER,OTHER,BMU,Demand,,,,
LON-SWT01,2__CSWEB000,Primary BMU,OTHER,OTHER,BMU,Demand,,,,
LON-TFE01,2__CTGPL000,Primary BMU,OTHER,OTHER,BMU,Demand,,,,
LRDSC-1,T_LRDSC-1,Primary BMU,OTHER,OTHER,BMU,Generation,,,,
LRDSC-2,T_LRDSC-2,Primary BMU,OTHER,OTHER,BMU,Generation,,,,
LSTWY-1,E_LSTWY-1,Primary BMU,CCGT,CCGT,BMU,Generation,,,,
LTCHW-1,,Primary BMU,WIND,WIND,BMU,Generation,,,,
LUBR-1,,Primary BMU,NPSHYD,NPSHYD,BMU,Generation,,,,
LUIC-1,,Primary BMU,NPSHYD,NPSHYD,BMU,Generation,,,,
LUIC-2,,Primary BMU,NPSHYD,NPSHYD,BMU,Generation,,,,
LUICD-1,T_LUICD-1,Primary BMU,OTHER,OTHER,BMU,Demand,,,,
LYNNW-1,,Primary BMU,WIND,WIND,BMU,Generation,,,,
MANXENR-1,E_MANXENR-1,Primary BMU,OTHER,OTHER,BMU,Demand,,54.0,-3.83333,
MARK-1,E_MARK-1,Primary BMU,BIOMASS,BIOMASS,BMU,Generation,,,,
MARMD-1,T_MARMD-1,Primary BMU,OTHER,OTHER,BMU,Demand,YES,,,
MDHLW-1,2__PSTAT002,Primary BMU,WIND,WIND,EELPS,Generation,,56.96877477323675,-2.4861638184983144,4627.0
MDLWH-1,E_MDLWH-1,Primary BMU,CCGT,CCGT,BMU,Generation,YES,53.18726,-2.42461,
MEADD-1,T_MEADD-1,Primary BMU,OTHER,OTHER,BMU,Demand,,,,
MEDP-1,T_MEDP-1,Primary BMU,CCGT,GAS,BMU,Generation,,51.44,0.69,
MID-ATL01,2__EIMPO000,Primary BMU,OTHER,OTHER,BMU,Demand,YES,,,
MID-AXPO1,2__EAXPO000,Primary BMU,OTHER,OTHER,BMU,Demand,,,,
MID-BGS01,2__EBGAS000,Primary BMU,OTHER,OTHER,BMU,Demand,,,,
MID-BIZ01,2__EBIZZ000,Primary BMU,OTHER,OTHER,BMU,Demand,,,,
MID-EDF01,2__EEDFE000,Primary BMU,OTHER,OTHER,BMU,Demand,,,,
MID-EDR01,2__EEDIR000,Primary BMU,OTHER,OTHER,BMU,Demand,,,,
MID-ENR01,2__EENRD000,Primary BMU,OTHER,OTHER,BMU,Demand,,,,
MID-EON01,2__EEOND000,Primary BMU,OTHER,OTHER,BMU,Demand,,,,
MID-GDF01,2__ERWED000,Primary BMU,OTHER,OTHER,BMU,Demand,,,,
MID-HPW01,2__EHPOW000,Primary BMU,OTHER,OTHER,BMU,Demand,,,,
MID-HVN01,2__EHAVE000,Primary BMU,OTHER,OTHER,BMU,Demand,,,,
MID-LON01,2__ELOND000,Primary BMU,OTHER,OTHER,BMU,Demand,,,,
MID-MID01,,Primary BMU,OTHER,OTHER,BMU,Demand,,,,
MID-MNW01,2__EMANW000,Primary BMU,OTHER,OTHER,BMU,Demand,,,,
MID-MSG01,,Primary BMU,OTHER,OTHER,BMU,Demand,,,,
MID-NPE01,2__ENATP000,Primary BMU,OTHER,OTHER,BMU,Demand,,,,
MID-OCT01,2__EMRCY000,Primary BMU,OTHER,OTHER,BMU,Demand,,,,
MID-OGA01,2__EOGAS000,Primary BMU,OTHER,OTHER,BMU,Demand,,,,
MID-PGE01,2__EEMEB000,Primary BMU,OTHER,OTHER,BMU,Demand,,,,
MID-PGU01,2__EPGEN000,Primary BMU,OTHER,OTHER,BMU,Demand,,,,
MID-SEE01,2__ESEEB000,Primary BMU,OTHER,OTHER,BMU,Demand,,,,
MID-SEL01,2__ESMAR000,Primary BMU,OTHER,OTHER,BMU,Demand,,,,
MID-SPC01,2__ESPOW000,Primary BMU,OTHER,OTHER,BMU,Demand,,,,
MID-SSE01,2__EHYDE000,Primary BMU,OTHER,OTHER,BMU,Demand,,,,
MID-STH01,2__ESOUT000,Primary BMU,OTHER,OTHER,BMU,Demand,,,,
MID-SWA01,2__ESWAE000,Primary BMU,OTHER,OTHER,BMU,Demand,,,,
MID-SWT01,2__ESWEB000,Primary BMU,OTHER,OTHER,BMU,Demand,,,,
MID-TFE01,2__ETGPL000,Primary BMU,OTHER,OTHER,BMU,Demand,,,,
MIDMW-1,T_MIDMW-1,Primary BMU,WIND,WIND,BMU,Generation,,55.51288593375602,-3.804016992486902,4440.0
MILWW-1,T_MILWW-1,Primary BMU,WIND,WIND,BMU,Generation,YES,57.15020001193859,-4.891170685923514,3598.0
MINSW-1,E_MINSW-1,Primary BMU,WIND,WIND,BMU,Generation,YES,55.122070569679465,-3.3528565978291587,4517.0
MKFRB-1,,Primary BMU,OTHER,BATTERY,BMU,Bi-Directional,YES,,,
MKHLW-1,T_MKHLW-1,Primary BMU,WIND,WIND,BMU,Generation,,55.128373053794604,-4.746310375516401,3260.0
MNW-ATL01,2__DIMPO000,Primary BMU,OTHER,OTHER,BMU,Demand,YES,,,
MNW-AXPO1,2__DAXPO000,Primary BMU,OTHER,OTHER,BMU,Demand,,,,
MNW-BGS01,2__DBGAS000,Primary BMU,OTHER,OTHER,BMU,Demand,,,,
MNW-BIZ01,2__DBIZZ000,Primary BMU,OTHER,OTHER,BMU,Demand,,,,
MNW-EDF01,2__DEDFE000,Primary BMU,OTHER,OTHER,BMU,Demand,,,,
MNW-EDR01,2__DEDIR000,Primary BMU,OTHER,OTHER,BMU,Demand,,,,
MNW-ENR01,2__DENRD000,Primary BMU,OTHER,OTHER,BMU,Demand,,,,
MNW-EON01,2__DEOND000,Primary BMU,OTHER,OTHER,BMU,Demand,,,,
MNW-GDF01,2__DRWED000,Primary BMU,OTHER,OTHER,BMU,Demand,,,,
MNW-HPW01,2__DHPOW000,Primary BMU,OTHER,OTHER,BMU,Demand,,,,
MNW-HVN01,2__DHAVE000,Primary BMU,OTHER,OTHER,BMU,Demand,,,,
MNW-LON01,2__DLOND000,Primary BMU,OTHER,OTHER,BMU,Demand,,,,
MNW-MID01,,Primary BMU,OTHER,OTHER,BMU,Demand,,,,
MNW-MNW01,2__DMANW000,Primary BMU,OTHER,OTHER,BMU,Demand,,,,
MNW-MSG01,,Primary BMU,OTHER,OTHER,BMU,Demand,,,,
MNW-NPE01,2__DNATP000,Primary BMU,OTHER,OTHER,BMU,Demand,,,,
MNW-OCT01,2__DMRCY000,Primary BMU,OTHER,OTHER,BMU,Demand,,,,
MNW-OGA01,2__DOGAS000,Primary BMU,OTHER,OTHER,BMU,Demand,,,,
MNW-PGE01,2__DEMEB000,Primary BMU,OTHER,OTHER,BMU,Demand,,,,
MNW-PGU01,2__DPGEN000,Primary BMU,OTHER,OTHER,BMU,Demand,,,,
MNW-SEE01,2__DSEEB000,Primary BMU,OTHER,OTHER,BMU,Demand,,,,
MNW-SEL01,2__DSMAR000,Primary BMU,OTHER,OTHER,BMU,Demand,,,,
MNW-SPC01,2__DSPOW000,Primary BMU,OTHER,OTHER,BMU,Demand,,,,
MNW-SSE01,2__DHYDE000,Primary BMU,OTHER,OTHER,BMU,Demand,,,,
MNW-STH01,2__DSOUT000,Primary BMU,OTHER,OTHER,BMU,Demand,,,,
MNW-SWA01,2__DSWAE000,Primary BMU,OTHER,OTHER,BMU,Demand,,,,
MNW-SWT01,2__DSWEB000,Primary BMU,OTHER,OTHER,BMU,Demand,,,,
MNW-TFE01,2__DTGPL000,Primary BMU,OTHER,OTHER,BMU,Demand,,,,
MORFL-1,E_MORFL-1,Primary BMU,CCGT,CCGT,BMU,Generation,,,,
MOSED-1,T_MOSED-1,Primary BMU,OTHER,OTHER,BMU,Demand,,,,
MOSS-1,,Primary BMU,NPSHYD,NPSHYD,BMU,Generation,,,,
MOSS-2,,Primary BMU,NPSHYD,NPSHYD,BMU,Generation,,,,
MOSWD-1,,Primary BMU,OTHER,OTHER,BMU,Demand,,,,
MOWEO-1,T_MOWEO-1,Primary BMU,WIND,WIND,BMU,Generation,,58.16708,-2.69852,2534.0
MOWEO-2,T_MOWEO-2,Primary BMU,WIND,WIND,BMU,Generation,YES,58.16708,-2.69852,2534.0
MOWEO-3,T_MOWEO-3,Primary BMU,WIND,WIND,BMU,Generation,YES,58.16708,-2.69852,2534.0
MOWWO-1,T_MOWWO-1,Primary BMU,WIND,WIND,BMU,Generation,YES,58.094,-2.988,6158.0
MOWWO-2,T_MOWWO-2,Primary BMU,WIND,WIND,BMU,Generation,YES,58.094,-2.988,6158.0
MOWWO-3,T_MOWWO-3,Primary BMU,WIND,WIND,BMU,Generation,YES,58.094,-2.988,6158.0
MOWWO-4,T_MOWWO-4,Primary BMU,WIND,WIND,BMU,Generation,YES,58.094,-2.988,6158.0
MOYEW-1,E_MOYEW-1,Primary BMU,WIND,WIND,BMU,Generation,YES,57.406964,-4.0154701,3647.0
MRWD-1,T_MRWD-1,Primary BMU,CCGT,GAS,BMU,Generation,YES,50.897777777,-1.438888888,
MYGPW-1,T_MYGPW-1,Primary BMU,WIND,WIND,BMU,Generation,YES,55.24876801079651,-3.5148021405721197,4437.0
NANT-1,T_NANT-1,Primary BMU,NPSHYD,NPSHYD,BMU,Generation,YES,56.338055555,-5.211666666,
NEE-ATL01,2__FIMPO000,Primary BMU,OTHER,OTHER,BMU,Demand,YES,,,
NEE-AXPO1,2__FAXPO000,Primary BMU,OTHER,OTHER,BMU,Demand,,,,
NEE-BGS01,2__FBGAS000,Primary BMU,OTHER,OTHER,BMU,Demand,,,,
NEE-BIZ01,2__FBIZZ000,Primary BMU,OTHER,OTHER,BMU,Demand,,,,
NEE-DON01,,Primary BMU,OTHER,OTHER,BMU,Demand,,,,
NEE-EDF01,2__FEDFE000,Primary BMU,OTHER,OTHER,BMU,Demand,,,,
NEE-EDR01,2__FEDIR000,Primary BMU,OTHER,OTHER,BMU,Demand,,,,
NEE-ENR01,2__FENRD000,Primary BMU,OTHER,OTHER,BMU,Demand,,,,
NEE-EON01,2__FEOND000,Primary BMU,OTHER,OTHER,BMU,Demand,,,,
NEE-GDF01,2__FRWED000,Primary BMU,OTHER,OTHER,BMU,Demand,,,,
NEE-HPW01,2__FHPOW000,Primary BMU,OTHER,OTHER,BMU,Demand,,,,
NEE-HVN01,2__FHAVE000,Primary BMU,OTHER,OTHER,BMU,Demand,,,,
NEE-LON01,2__FLOND000,Primary BMU,OTHER,OTHER,BMU,Demand,,,,
NEE-MID01,,Primary BMU,OTHER,OTHER,BMU,Demand,,,,
NEE-MNW01,2__FMANW000,Primary BMU,OTHER,OTHER,BMU,Demand,,,,
NEE-MSG01,,Primary BMU,OTHER,OTHER,BMU,Demand,,,,
NEE-NPE01,2__FNATP000,Primary BMU,OTHER,OTHER,BMU,Demand,,,,
NEE-OCT01,2__FMRCY000,Primary BMU,OTHER,OTHER,BMU,Demand,,,,
NEE-OGA01,2__FOGAS000,Primary BMU,OTHER,OTHER,BMU,Demand,,,,
NEE-PGE01,2__FEMEB000,Primary BMU,OTHER,OTHER,BMU,Demand,,,,
NEE-PGU01,2__FPGEN000,Primary BMU,OTHER,OTHER,BMU,Demand,,,,
NEE-SEE01,2__FSEEB000,Primary BMU,OTHER,OTHER,BMU,Demand,,,,
NEE-SEL01,2__FSMAR000,Primary BMU,OTHER,OTHER,BMU,Demand,,,,
NEE-SPC01,2__FSPOW000,Primary BMU,OTHER,OTHER,BMU,Demand,,,,
NEE-SSE01,2__FHYDE000,Primary BMU,OTHER,OTHER,BMU,Demand,,,,
NEE-STH01,2__FSOUT000,Primary BMU,OTHER,OTHER,BMU,Demand,,,,
NEE-SWA01,2__FSWAE000,Primary BMU,OTHER,OTHER,BMU,Demand,,,,
NEE-SWT01,2__FSWEB000,Primary BMU,OTHER,OTHER,BMU,Demand,,,,
NEE-TFE01,2__FTGPL000,Primary BMU,OTHER,OTHER,BMU,Demand,,,,
NEWTB-1,E_NEWTB-1,Primary BMU,OTHER,BATTERY,BMU,Bi-Directional,,,,
NFSE01,,Primary BMU,OTHER,BATTERY,BMU,Bi-Directional,,,,
NHOYW-1,,Primary BMU,WIND,WIND,BMU,Generation,,,,
NLSSC-1,,Primary BMU,OTHER,LOAD RESPONSE,BMU,Generation,,,,
NLSTB-1,T_NLSTB-1,Primary BMU,OTHER,BATTERY,BMU,Bi-Directional,,,,
NNGAO-1,T_NNGAO-1,Primary BMU,WIND,WIND,BMU,Generation,YES,56.26777778,-2.32083333,2522.0
NNGAO-2,T_NNGAO-2,Primary BMU,WIND,WIND,BMU,Generation,YES,56.26777778,-2.32083333,2522.0
NNPW01,,Primary BMU,WIND,WIND,BMU,Generation,YES,,,
NOKYW-1,,Primary BMU,WIND,WIND,BMU,Generation,YES,55.351733647178385,-4.359660294729493,6607.0
NOKYW-2,,Primary BMU,WIND,WIND,BMU,Generation,YES,55.351733647178385,-4.359660294729493,6607.0
NORHW-1,,Primary BMU,WIND,WIND,BMU,Generation,YES,,,
NSC-ATL01,2__PIMPO000,Primary BMU,OTHER,OTHER,BMU,Demand,,,,
NSC-AXPO1,2__PAXPO000,Primary BMU,OTHER,OTHER,BMU,Demand,,,,
NSC-BGS01,2__PBGAS000,Primary BMU,OTHER,OTHER,BMU,Demand,,,,
NSC-BIZ01,2__PBIZZ000,Primary BMU,OTHER,OTHER,BMU,Demand,,,,
NSC-ECO01,,Primary BMU,OTHER,OTHER,BMU,Demand,,,,
NSC-EDF01,2__PEDFE000,Primary BMU,OTHER,OTHER,BMU,Demand,,,,
NSC-EDR01,2__PEDIR000,Primary BMU,OTHER,OTHER,BMU,Demand,,,,
NSC-ENR01,2__PENRD000,Primary BMU,OTHER,OTHER,BMU,Demand,,,,
NSC-EON01,2__PEOND000,Primary BMU,OTHER,OTHER,BMU,Demand,,,,
NSC-GDF01,2__PRWED000,Primary BMU,OTHER,OTHER,BMU,Demand,,,,
NSC-HPW01,2__PHPOW000,Primary BMU,OTHER,OTHER,BMU,Demand,,,,
NSC-HVN01,2__PHAVE000,Primary BMU,OTHER,OTHER,BMU,Demand,,,,
NSC-LON01,2__PLOND000,Primary BMU,OTHER,OTHER,BMU,Demand,,,,
NSC-MID01,,Primary BMU,OTHER,OTHER,BMU,Demand,,,,
NSC-MNW01,2__PMANW000,Primary BMU,OTHER,OTHER,BMU,Demand,,,,
NSC-MSG01,,Primary BMU,OTHER,OTHER,BMU,Demand,,,,
NSC-NPE01,2__PNATP000,Primary BMU,OTHER,OTHER,BMU,Demand,,,,
NSC-OCT01,2__PMRCY000,Primary BMU,OTHER,OTHER,BMU,Demand,,,,
NSC-OGA01,2__POGAS000,Primary BMU,OTHER,OTHER,BMU,Demand,,,,
NSC-PGE01,2__PEMEB000,Primary BMU,OTHER,OTHER,BMU,Demand,,,,
NSC-PGU01,2__PPGEN000,Primary BMU,OTHER,OTHER,BMU,Demand,,,,
NSC-SEE01,2__PSEEB000,Primary BMU,OTHER,OTHER,BMU,Demand,,,,
NSC-SEL01,2__PSMAR000,Primary BMU,OTHER,OTHER,BMU,Demand,,,,
NSC-SPC01,2__PSPOW000,Primary BMU,OTHER,OTHER,BMU,Demand,,,,
NSC-SSE01,2__PHYDE000,Primary BMU,OTHER,OTHER,BMU,Demand,,,,
NSC-STH01,2__PSOUT000,Primary BMU,OTHER,OTHER,BMU,Demand,,,,
NSC-SWA01,2__PSWAE000,Primary BMU,OTHER,OTHER,BMU,Demand,,,,
NSC-SWT01,2__PSWEB000,Primary BMU,OTHER,OTHER,BMU,Demand,,,,
NTRVB-1,T_NTRVB-1,Primary BMU,OTHER,BATTERY,BMU,Bi-Directional,,,,
NURSB-1,T_NURSB-1,Primary BMU,OTHER,BATTERY,BMU,Bi-Directional,,50.942355,-1.484869,
NWP-ATL01,2__GIMPO000,Primary BMU,OTHER,OTHER,BMU,Demand,,,,
NWP-AXPO1,2__GAXPO000,Primary BMU,OTHER,OTHER,BMU,Demand,,,,
NWP-BGS01,2__GBGAS000,Primary BMU,OTHER,OTHER,BMU,Demand,,,,
NWP-BIZ01,2__GBIZZ000,Primary BMU,OTHER,OTHER,BMU,Demand,,,,
NWP-EDF01,2__GEDFE000,Primary BMU,OTHER,OTHER,BMU,Demand,,,,
NWP-EDR01,2__GEDIR000,Primary BMU,OTHER,OTHER,BMU,Demand,,,,
NWP-ENR01,2__GENRD000,Primary BMU,OTHER,OTHER,BMU,Demand,,,,
NWP-EON01,2__GEOND000,Primary BMU,OTHER,OTHER,BMU,Demand,,,,
NWP-GDF01,2__GRWED000,Primary BMU,OTHER,OTHER,BMU,Demand,,,,
NWP-HPW01,2__GHPOW000,Primary BMU,OTHER,OTHER,BMU,Demand,,,,
NWP-HVN01,2__GHAVE000,Primary BMU,OTHER,OTHER,BMU,Demand,,,,
NWP-LON01,2__GLOND000,Primary BMU,OTHER,OTHER,BMU,Demand,,,,
NWP-MID01,,Primary BMU,OTHER,OTHER,BMU,Demand,,,,
NWP-MNW01,2__GMANW000,Primary BMU,OTHER,OTHER,BMU,Demand,,,,
NWP-MSG01,,Primary BMU,OTHER,OTHER,BMU,Demand,,,,
NWP-NPE01,2__GNATP000,Primary BMU,OTHER,OTHER,BMU,Demand,,,,
NWP-OCT01,2__GMRCY000,Primary BMU,OTHER,OTHER,BMU,Demand,,,,
NWP-OGA01,2__GOGAS000,Primary BMU,OTHER,OTHER,BMU,Demand,,,,
NWP-PGE01,2__GEMEB000,Primary BMU,OTHER,OTHER,BMU,Demand,,,,
NWP-PGU01,2__GPGEN000,Primary BMU,OTHER,OTHER,BMU,Demand,,,,
NWP-SEE01,2__GSEEB000,Primary BMU,OTHER,OTHER,BMU,Demand,,,,
NWP-SEL01,2__GSMAR000,Primary BMU,OTHER,OTHER,BMU,Demand,,,,
NWP-SPC01,2__GSPOW000,Primary BMU,OTHER,OTHER,BMU,Demand,,,,
NWP-SSE01,2__GHYDE000,Primary BMU,OTHER,OTHER,BMU,Demand,,,,
NWP-STH01,2__GSOUT000,Primary BMU,OTHER,OTHER,BMU,Demand,,,,
NWP-SWA01,2__GSWAE000,Primary BMU,OTHER,OTHER,BMU,Demand,,,,
NWP-SWT01,2__GSWEB000,Primary BMU,OTHER,OTHER,BMU,Demand,,,,
NWP-TFE01,2__GTGPL000,Primary BMU,OTHER,OTHER,BMU,Demand,,,,
OCHLB-1,T_OCHLB-1,Primary BMU,OTHER,BATTERY,BMU,Bi-Directional,,,,
OLDHB-1,E_OLDHB-1,Primary BMU,OTHER,BATTERY,BMU,Bi-Directional,,,,
OMNDO-1,T_OMNDW-1,Primary BMU,WIND,WIND,BMU,Generation,,54.1,-3.4,2509.0
ORRI-1,,Primary BMU,NPSHYD,NPSHYD,BMU,Generation,YES,,,
PARHD-1,T_PARHD-1,Primary BMU,OTHER,OTHER,BMU,Demand,,,,
PAUHW-1,2__PENEC002,Primary BMU,WIND,WIND,EELPS,Generation,,57.44615230158722,-3.4762072217469555,4687.0
PEHE-1,T_PEHE-1,Primary BMU,CCGT,GAS,BMU,Generation,YES,57.4772,-1.78888,
PEHE-2,T_PEHE-2,Primary BMU,CCGT,GAS,BMU,Generation,YES,57.4772,-1.78888,
PEHED-1,T_PEHED-1,Primary BMU,OTHER,OTHER,BMU,Demand,,57.4772,-1.78888,
PEMB-11,T_PEMB-11,Primary BMU,CCGT,GAS,BMU,Generation,,51.6831,-4.98842,
PEMB-21,T_PEMB-21,Primary BMU,CCGT,GAS,BMU,Generation,YES,51.6831,-4.98842,
PEMB-31,T_PEMB-31,Primary BMU,CCGT,GAS,BMU,Generation,YES,51.6831,-4.98842,
PEMB-41,T_PEMB-41,Primary BMU,CCGT,GAS,BMU,Generation,YES,51.6831,-4.98842,
PEMB-51,T_PEMB-51,Primary BMU,CCGT,GAS,BMU,Generation,YES,51.6831,-4.98842,
PETDG-1,,Primary BMU,OTHER,OTHER,BMU,Generation,YES,52.575703,-0.2037977,
PETEM1,E_PETEM1,Primary BMU,CCGT,CCGT,BMU,Generation,,52.5769,-0.204,
PETEM3,E_PETEM3,Primary BMU,OTHER,GAS,BMU,Generation,YES,,,
PGBIW-1,T_PGBIW-1,Primary BMU,WIND,WIND,BMU,Generation,,55.821847948471,-2.8330224628551726,4434.0
PGBRK-1,E_PGBRKL,Primary BMU,OTHER,DIESEL,BMU,Generation,YES,,,
PGBRY-1,E_PGBARY,Primary BMU,OTHER,DIESEL,BMU,Generation,,,,
PGEXT-1,E_PGEXTR,Primary BMU,OTHER,DIESEL,BMU,Generation,,,,
PGFAR-1,E_PGFARE,Primary BMU,OTHER,DIESEL,BMU,Generation,,,,
PGHVT-1,E_PGHVNT,Primary BMU,OTHER,DIESEL,BMU,Generation,,,,
PGLAN-1,E_PGLLAN,Primary BMU,OTHER,DIESEL,BMU,Generation,,,,
PIBUW-1,E_PIBUW-1,Primary BMU,WIND,WIND,BMU,Generation,,,,
PILLB-1,E_PILLB-1,Primary BMU,OTHER,BATTERY,BMU,Bi-Directional,YES,53.80133167787895,-0.415132546944002,7005.0
PILLB-2,E_PILLB-2,Primary BMU,OTHER,BATTERY,BMU,Bi-Directional,,53.80133167787895,-0.415132546944002,7005.0
PINFB-1,T_PINFB-1,Primary BMU,OTHER,BATTERY,BMU,Bi-Directional,,53.265694444,-2.943583333,12725.0
PINFB-2,T_PINFB-2,Primary BMU,OTHER,BATTERY,BMU,Bi-Directional,YES,53.265694444,-2.943583333,12725.0
PINFB-3,T_PINFB-3,Primary BMU,OTHER,BATTERY,BMU,Bi-Directional,YES,53.265694444,-2.943583333,12725.0
PINFB-4,T_PINFB-4,Primary BMU,OTHER,BATTERY,BMU,Bi-Directional,YES,53.265694444,-2.943583333,12725.0
PINFD-5,T_PINFD-5,Primary BMU,OTHER,OTHER,BMU,Demand,YES,,,
PINFD-6,T_PINFD-6,Primary BMU,OTHER,OTHER,BMU,Demand,,,,
PITL-1,,Primary BMU,NPSHYD,NPSHYD,BMU,Generation,,,,
PITL-2,,Primary BMU,NPSHYD,NPSHYD,BMU,Generation,,,,
PLHM-1,,Primary BMU,,OTHER,BMU,Generation,,,,
PLYRK-1,E_PLYRK-1,Primary BMU,CCGT,CCGT,BMU,Generation,,,,
PNYCB-1,T_PNYCB-1,Primary BMU,OTHER,BATTERY,BMU,Bi-Directional,,,,
PNYCW-1,T_PNYCW-1,Primary BMU,WIND,WIND,BMU,Generation,,51.711,-3.562,4595.0
POOBD-1,T_POOBD-1,Primary BMU,OTHER,OTHER,BMU,Demand,YES,,,
PORGD-1,T_PORGD-1,Primary BMU,OTHER,OTHER,BMU,Demand,,,,
POTES-1,E_POTES-1,Primary BMU,OTHER,BATTERY,BMU,Bi-Directional,,54.977384,-1.455827,6976.0
PROCGT01C,,Secondary BMU,CCGT,CCGT,BMU,Generation,,,,
PROG-1,,Primary BMU,OCGT,OCGT,BMU,Generation,,,,
QUOI-1,,Primary BMU,NPSHYD,NPSHYD,BMU,Generation,,,,
RAKE-1,E_RAKE-1,Primary BMU,CCGT,CCGT,BMU,Generation,,,,
RASSP-1,E_RASSP-1,Primary BMU,OTHER,OTHER,BMU,Generation,,,,
RATS-1,T_RATS-1,Primary BMU,OCGT,COAL,BMU,Generation,,52.8653,-1.255,
RATS-2,T_RATS-2,Primary BMU,OCGT,COAL,BMU,Generation,,52.8653,-1.255,
RATS-3,T_RATS-3,Primary BMU,OCGT,COAL,BMU,Generation,,52.8653,-1.255,
RATS-4,T_RATS-4,Primary BMU,OCGT,COAL,BMU,Generation,,52.8653,-1.255,
RATSGT-2,T_RATSGT-2,Primary BMU,OCGT,OCGT,BMU,Generation,,52.8653,-1.255,
RATSGT-4,T_RATSGT-4,Primary BMU,OCGT,OCGT,BMU,Generation,YES,52.8653,-1.255,
RAVED-1,T_RAVED-1,Primary BMU,OTHER,OTHER,BMU,Demand,YES,,,
RCBKO-1,T_RCBKO-1,Primary BMU,WIND,WIND,BMU,Generation,,53.275,0.83333333,2515.0
RCBKO-2,T_RCBKO-2,Primary BMU,WIND,WIND,BMU,Generation,YES,53.275,0.83333333,2515.0
RDFRB-1,E_RDFRB-1,Primary BMU,CCGT,CCGT,BMU,Generation,YES,,,
RDFRD-1,E_RDFRD-1,Primary BMU,CCGT,CCGT,BMU,Generation,,,,
RDSCR-1,E_RDSCR-1,Primary BMU,CCGT,CCGT,BMU,Generation,,,,
RHAMD-1,T__MYELT001,Primary BMU,OTHER,OTHER,BMU,Demand,,53.452,-1.319,
RHEI-4,E_RHEI-1,Primary BMU,NPSHYD,NPSHYD,BMU,Generation,,52.396,-3.9,
RHYFW-1,,Primary BMU,WIND,WIND,BMU,Generation,,,,
RICHB-1,T_RICHB-1,Primary BMU,OTHER,BATTERY,BMU,Bi-Directional,,,,
RICHB-2,T_RICHB-2,Primary BMU,OTHER,BATTERY,BMU,Bi-Directional,YES,,,
RMPNO-1,T_RMPNO-1,Primary BMU,WIND,WIND,BMU,Generation,YES,50.664722222,-0.278888888,2520.0
RMPNO-2,T_RMPNO-2,Primary BMU,WIND,WIND,BMU,Generation,YES,50.664722222,-0.278888888,2520.0
ROARB-1,E_ROARB-1,Primary BMU,OTHER,BATTERY,BMU,Bi-Directional,YES,,,
ROCK-1,T_ROCK-1,Primary BMU,CCGT,GAS,BMU,Generation,YES,53.3154,-2.72541,
ROOSB-1,E_ROOSB-1,Primary BMU,OTHER,BATTERY,BMU,Bi-Directional,YES,54.105,-3.189,
ROTHW-1,2__PENEC001,Primary BMU,WIND,WIND,BMU,Generation,,57.53,-3.36,3534.0
RREW-1,T_RREW-1,Primary BMU,WIND,WIND,BMU,Generation,YES,54.75,-3.71667,
RRWW-1,T_RRWW-1,Primary BMU,WIND,WIND,BMU,Generation,YES,54.75,-3.71667,
RSCRB-1,2__FRWED001,Primary BMU,OTHER,BATTERY,BMU,Bi-Directional,YES,54.54627357593692,-1.5591729616725991,6856.0
RSHLW-1,2__PEDGE004,Primary BMU,WIND,WIND,EELPS,Generation,,57.995624776435676,-4.546950243728645,4051.0
RTHSC-1,T_RTHSC-1,Primary BMU,OTHER,LOAD RESPONSE,BMU,Generation,YES,,,
RYHPS-1,T_RYHPS-1,Primary BMU,CCGT,GAS,BMU,Generation,,51.7625,0.01077,
SACOD-1,T_SACOD-1,Primary BMU,OTHER,OTHER,BMU,Demand,YES,,,
SAKNW-1,T_SAKNW-1,Primary BMU,WIND,WIND,BMU,Generation,,55.37214738988416,-4.0513445486984265,6703.0
SANQW-1,T_SANQW-1,Primary BMU,WIND,WIND,BMU,Generation,YES,55.34417698550055,-4.0465703479660275,4441.0
SCCL-1,T_SCCL-1,Primary BMU,CCGT,GAS,BMU,Generation,YES,53.7355,-0.2431,
SCCL-2,T_SCCL-2,Primary BMU,CCGT,GAS,BMU,Generation,YES,53.7355,-0.2431,
SCCL-3,T_SCCL-3,Primary BMU,CCGT,GAS,BMU,Generation,YES,53.7355,-0.2431,
SCCLD-1,T_SCCL-4,Primary BMU,OTHER,OTHER,BMU,Demand,YES,,,
SCMRW-1,,Primary BMU,WIND,WIND,BMU,Generation,,,,
SEAB-1,T_SEAB-1,Primary BMU,CCGT,GAS,BMU,Generation,,51.54,-2.669,
SEAB-2,T_SEAB-2,Primary BMU,CCGT,GAS,BMU,Generation,YES,51.54,-2.669,
SEE-ATL01,2__JIMPO000,Primary BMU,OTHER,OTHER,BMU,Demand,YES,,,
SEE-AXPO1,2__JAXPO000,Primary BMU,OTHER,OTHER,BMU,Demand,,,,
SEE-BGS01,2__JBGAS000,Primary BMU,OTHER,OTHER,BMU,Demand,,,,
SEE-BIZ01,2__JBIZZ000,Primary BMU,OTHER,OTHER,BMU,Demand,,,,
SEE-EAS01,,Primary BMU,OTHER,OTHER,BMU,Demand,,,,
SEE-EDF01,2__JEDFE000,Primary BMU,OTHER,OTHER,BMU,Demand,,,,
SEE-EDR01,2__JEDIR000,Primary BMU,OTHER,OTHER,BMU,Demand,,,,
SEE-ENR01,2__JENRD000,Primary BMU,OTHER,OTHER,BMU,Demand,,,,
SEE-EON01,2__JEOND000,Primary BMU,NUCLEAR,OTHER,BMU,Demand,,,,
SEE-GDF01,2__JRWED000,Primary BMU,OTHER,OTHER,BMU,Demand,,,,
SEE-HPW01,2__JHPOW000,Primary BMU,OTHER,OTHER,BMU,Demand,,,,
SEE-HVN01,2__JHAVE000,Primary BMU,OTHER,OTHER,BMU,Demand,,,,
SEE-LON01,2__JLOND000,Primary BMU,OTHER,OTHER,BMU,Demand,,,,
SEE-MID01,,Primary BMU,OTHER,OTHER,BMU,Demand,,,,
SEE-MNW01,2__JMANW000,Primary BMU,OTHER,OTHER,BMU,Demand,,,,
SEE-MSG01,,Primary BMU,OTHER,OTHER,BMU,Demand,,,,
SEE-NPE01,2__JNATP000,Primary BMU,OTHER,OTHER,BMU,Demand,,,,
SEE-OCT01,2__JMRCY000,Primary BMU,OTHER,OTHER,BMU,Demand,,,,
SEE-OGA01,2__JOGAS000,Primary BMU,OTHER,OTHER,BMU,Demand,,,,
SEE-PGE01,2__JEMEB000,Primary BMU,OTHER,OTHER,BMU,Demand,,,,
SEE-PGU01,2__JPGEN000,Primary BMU,OTHER,OTHER,BMU,Demand,,,,
SEE-SEE01,2__JSEEB000,Primary BMU,OTHER,OTHER,BMU,Demand,,,,
SEE-SEL01,2__JSMAR000,Primary BMU,OTHER,OTHER,BMU,Demand,,,,
SEE-SPC01,2__JSPOW000,Primary BMU,OTHER,OTHER,BMU,Demand,,,,
SEE-SSE01,2__JHYDE000,Primary BMU,OTHER,OTHER,BMU,Demand,,,,
SEE-STH01,2__JSOUT000,Primary BMU,OTHER,OTHER,BMU,Demand,,,,
SEE-SWA01,2__JSWAE000,Primary BMU,OTHER,OTHER,BMU,Demand,,,,
SEE-SWT01,2__JSWEB000,Primary BMU,OTHER,OTHER,BMU,Demand,,,,
SEE-TFE01,2__JTGPL000,Primary BMU,OTHER,OTHER,BMU,Demand,,,,
SEE-VTF01,2__JVETS000,Primary BMU,OTHER,OTHER,BMU,Demand,,,,
SEEL-1,T_SEEL-1,Primary BMU,OCGT,OCGT,BMU,Generation,,52.8078,-0.1321,
SEVIU-1,E_SEVINGTN,Primary BMU,OTHER,GAS,BMU,Bi-Directional,YES,,,
SFERD-1,T_STFERGD-1,Primary BMU,OTHER,OTHER,BMU,Demand,,57.5706,-1.83803,
SFGSD-1,T_SFGSD-1,Primary BMU,OTHER,OTHER,BMU,Demand,,57.5706,-1.83803,
SFGSD-2,T_SFGSD-2,Primary BMU,OTHER,OTHER,BMU,Demand,,57.5706,-1.83803,
SFILD-1,T_SFILD-1,Primary BMU,OTHER,OTHER,BMU,Demand,,,,
SGRWO-1,T_SGRWO-1,Primary BMU,WIND,WIND,BMU,Generation,,56.588,-1.741,2540.0
SGRWO-2,T_SGRWO-2,Primary BMU,WIND,WIND,BMU,Generation,YES,56.588,-1.741,2540.0
SGRWO-3,T_SGRWO-3,Primary BMU,WIND,WIND,BMU,Generation,YES,56.588,-1.741,2540.0
SGRWO-4,T_SGRWO-4,Primary BMU,WIND,WIND,BMU,Generation,YES,56.588,-1.741,2540.0
SGRWO-5,T_SGRWO-5,Primary BMU,WIND,WIND,BMU,Generation,YES,56.588,-1.741,2540.0
SGRWO-6,T_SGRWO-6,Primary BMU,WIND,WIND,BMU,Generation,YES,56.588,-1.741,2540.0
SHBA-1,T_SHBA-1,Primary BMU,CCGT,GAS,BMU,Generation,YES,53.603,-0.146,
SHBA-2,T_SHBA-2,Primary BMU,CCGT,GAS,BMU,Generation,YES,53.603,-0.146,
SHILB-1,E_SHILB-1,Primary BMU,OTHER,BATTERY,BMU,Bi-Directional,YES,,,
SHOS-1,E_SHOS-1,Primary BMU,CCGT,GAS,BMU,Generation,YES,50.8294,-0.230556,
SHRSO-1,T_SHRSW-1,Primary BMU,WIND,WIND,BMU,Generation,YES,53.1167,1.13333,2512.0
SHRSO-2,T_SHRSW-2,Primary BMU,WIND,WIND,BMU,Generation,YES,53.1167,1.13333,2512.0
SIZB-1,T_SIZB-1,Primary BMU,NUCLEAR,NUCLEAR,BMU,Generation,YES,52.215,1.61972,
SIZB-2,T_SIZB-2,Primary BMU,NUCLEAR,NUCLEAR,BMU,Generation,YES,52.215,1.61972,
SKELB-1,E_SKELB-1,Primary BMU,OTHER,BATTERY,BMU,Bi-Directional,YES,,,
SLOY-1,M_SLOY-1,Primary BMU,NPSHYD,NPSHYD,BMU,Generation,,56.251204,-4.711551,
SLOY-2,T_SLOY-2,Primary BMU,NPSHYD,NPSHYD,BMU,Generation,YES,56.251204,-4.711551,
SLOY-3,T_SLOY-3,Primary BMU,NPSHYD,NPSHYD,BMU,Generation,YES,56.251204,-4.711551,
SLOY-4,M_SLOY-4,Primary BMU,NPSHYD,NPSHYD,BMU,Generation,YES,56.251204,-4.711551,
SLOYD-1,T_SLOYD-1,Primary BMU,OTHER,OTHER,BMU,Demand,YES,56.251204,-4.711551,
SOAYS-1,,Primary BMU,OTHER,SOLAR,BMU,Generation,,,,
SOKYW-1,T_SOKYW-1,Primary BMU,WIND,WIND,BMU,Generation,,55.317334518247506,-4.293183075218487,4586.0
SOLUU-1,E_SOLUTIA,Primary BMU,CCGT,GAS,BMU,Generation,YES,,,
SPLN-1,T_SPLN-1,Primary BMU,CCGT,GAS,BMU,Generation,,52.8078,-0.1321,
SSC-ATL01,2__NIMPO000,Primary BMU,OTHER,OTHER,BMU,Demand,YES,,,
SSC-AXPO1,2__NAXPO000,Primary BMU,OTHER,OTHER,BMU,Demand,,,,
SSC-BGS01,2__NBGAS000,Primary BMU,OTHER,OTHER,BMU,Demand,,,,
SSC-BIZ01,2__NBIZZ000,Primary BMU,OTHER,OTHER,BMU,Demand,,,,
SSC-ECO01,,Primary BMU,OTHER,OTHER,BMU,Demand,,,,
SSC-EDF01,2__NEDFE000,Primary BMU,OTHER,OTHER,BMU,Demand,,,,
SSC-EDR01,2__NEDIR000,Primary BMU,OTHER,OTHER,BMU,Demand,,,,
SSC-ENR01,2__NENRD000,Primary BMU,OTHER,OTHER,BMU,Demand,,,,
SSC-EON01,2__NEOND000,Primary BMU,OTHER,OTHER,BMU,Demand,,,,
SSC-GDF01,2__NRWED000,Primary BMU,OTHER,OTHER,BMU,Demand,,,,
SSC-HPW01,2__NHPOW000,Primary BMU,OTHER,OTHER,BMU,Demand,,,,
SSC-HVN01,2__NHAVE000,Primary BMU,OTHER,OTHER,BMU,Demand,,,,
SSC-LON01,2__NLOND000,Primary BMU,OTHER,OTHER,BMU,Demand,,,,
SSC-MID01,,Primary BMU,OTHER,OTHER,BMU,Demand,,,,
SSC-MNW01,2__NMANW000,Primary BMU,OTHER,OTHER,BMU,Demand,,,,
SSC-MSG01,,Primary BMU,OTHER,OTHER,BMU,Demand,,,,
SSC-NPE01,2__NNATP000,Primary BMU,OTHER,OTHER,BMU,Demand,,,,
SSC-OCT01,2__NMRCY000,Primary BMU,OTHER,OTHER,BMU,Demand,,,,
SSC-OGA01,2__NOGAS000,Primary BMU,OTHER,OTHER,BMU,Demand,,,,
SSC-PGE01,2__NEMEB000,Primary BMU,OTHER,OTHER,BMU,Demand,,,,
SSC-PGU01,2__NPGEN000,Primary BMU,OTHER,OTHER,BMU,Demand,,,,
SSC-SEE01,2__NSEEB000,Primary BMU,OTHER,OTHER,BMU,Demand,,,,
SSC-SEL01,2__NSMAR000,Primary BMU,OTHER,OTHER,BMU,Demand,,,,
SSC-SPC01,2__NSPOW000,Primary BMU,OTHER,OTHER,BMU,Demand,,,,
SSC-SSE01,2__NHYDE000,Primary BMU,OTHER,OTHER,BMU,Demand,,,,
SSC-STH01,2__NSOUT000,Primary BMU,OTHER,OTHER,BMU,Demand,,,,
SSC-SWA01,2__NSWAE000,Primary BMU,OTHER,OTHER,BMU,Demand,,,,
SSC-SWT01,2__NSWEB000,Primary BMU,OTHER,OTHER,BMU,Demand,,,,
STALB-1,E_STALB-1,Primary BMU,OTHER,BATTERY,BMU,Bi-Directional,,,,
STAY-1,T_STAY-1,Primary BMU,CCGT,GAS,BMU,Generation,,53.0748,-0.85573,
STAY-2,T_STAY-2,Primary BMU,CCGT,GAS,BMU,Generation,YES,53.0748,-0.85573,
STAY-3,T_STAY-3,Primary BMU,CCGT,GAS,BMU,Generation,YES,53.0748,-0.85573,
STAY-4,T_STAY-4,Primary BMU,CCGT,GAS,BMU,Generation,YES,53.0748,-0.85573,
STH-ATL01,2__HIMPO000,Primary BMU,OTHER,OTHER,BMU,Demand,YES,,,
STH-AXPO1,2__HAXPO000,Primary BMU,OTHER,OTHER,BMU,Demand,,,,
STH-BGS01,2__HBGAS000,Primary BMU,OTHER,OTHER,BMU,Demand,,,,
STH-BIZ01,2__HBIZZ000,Primary BMU,OTHER,OTHER,BMU,Demand,,,,
STH-EDF01,2__HEDFE000,Primary BMU,OTHER,OTHER,BMU,Demand,,,,
STH-EDR01,2__HEDIR000,Primary BMU,OTHER,OTHER,BMU,Demand,,,,
STH-ENR01,2__HENRD000,Primary BMU,OTHER,OTHER,BMU,Demand,,,,
STH-EON01,2__HEOND000,Primary BMU,OTHER,OTHER,BMU,Demand,,,,
STH-GDF01,2__HRWED000,Primary BMU,OTHER,OTHER,BMU,Demand,,,,
STH-HPW01,2__HHPOW000,Primary BMU,OTHER,OTHER,BMU,Demand,,,,
STH-HVN01,2__HHAVE000,Primary BMU,OTHER,OTHER,BMU,Demand,,,,
STH-LON01,2__HLOND000,Primary BMU,OTHER,OTHER,BMU,Demand,,,,
STH-MID01,,Primary BMU,OTHER,OTHER,BMU,Demand,,,,
STH-MNW01,2__HMANW000,Primary BMU,OTHER,OTHER,BMU,Demand,,,,
STH-MSG01,,Primary BMU,OTHER,OTHER,BMU,Demand,,,,
STH-NPE01,2__HNATP000,Primary BMU,OTHER,OTHER,BMU,Demand,,,,
STH-OCT01,2__HMRCY000,Primary BMU,OTHER,OTHER,BMU,Demand,,,,
STH-OGA01,2__HOGAS000,Primary BMU,OTHER,OTHER,BMU,Demand,,,,
STH-PGE01,2__HEMEB000,Primary BMU,OTHER,OTHER,BMU,Demand,,,,
STH-PGU01,2__HPGEN000,Primary BMU,OTHER,OTHER,BMU,Demand,,,,
STH-SEE01,2__HSEEB000,Primary BMU,OTHER,OTHER,BMU,Demand,,,,
STH-SEL01,2__HSMAR000,Primary BMU,OTHER,OTHER,BMU,Demand,,,,
STH-SPC01,2__HSPOW000,Primary BMU,OTHER,OTHER,BMU,Demand,,,,
STH-SSE01,2__HHYDE000,Primary BMU,OTHER,OTHER,BMU,Demand,,,,
STH-STH01,2__HSOUT000,Primary BMU,OTHER,OTHER,BMU,Demand,,,,
STH-SWA01,2__HSWAE000,Primary BMU,OTHER,OTHER,BMU,Demand,,,,
STH-SWT01,2__HSWEB000,Primary BMU,OTHER,OTHER,BMU,Demand,,,,
STH-TFE01,2__HTGPL000,Primary BMU,OTHER,OTHER,BMU,Demand,,,,
STLGW-1,T_STLGW-1,Primary BMU,WIND,WIND,BMU,Generation,,57.126924519131,-4.5263699907224115,4597.0
STLGW-2,T_STLGW-2,Primary BMU,WIND,WIND,BMU,Generation,YES,57.126924519131,-4.5263699907224115,4597.0
STLGW-3,T_STLGW-3,Primary BMU,WIND,WIND,BMU,Generation,YES,57.126924519131,-4.5263699907224115,4597.0
STRNW-1,T_STRNW-1,Primary BMU,WIND,WIND,BMU,Generation,YES,58.490004008494246,-4.033588056654732,4625.0
SUDME-1,E_SUDME-1,Primary BMU,CCGT,CCGT,BMU,Generation,YES,,,
SUNDB-1,T_SUNDB-1,Primary BMU,OTHER,BATTERY,BMU,Bi-Directional,,,,
SUTB-1,T_SUTB-1,Primary BMU,CCGT,GAS,BMU,Generation,,52.7572,0.19316,
SUTBS-1,T_SUTBS-1,Primary BMU,OTHER,SOLAR,BMU,Generation,YES,,,
SVRP-20,T_SVRP-20,Primary BMU,CCGT,GAS,BMU,Generation,YES,,,
SWA-ATL01,2__KIMPO000,Primary BMU,OTHER,OTHER,BMU,Demand,YES,,,
SWA-AXPO1,2__KAXPO000,Primary BMU,OTHER,OTHER,BMU,Demand,,,,
SWA-BGS01,2__KBGAS000,Primary BMU,OTHER,OTHER,BMU,Demand,,,,
SWA-BIZ01,2__KBIZZ000,Primary BMU,OTHER,OTHER,BMU,Demand,,,,
SWA-EDF01,2__KEDFE000,Primary BMU,OTHER,OTHER,BMU,Demand,,,,
SWA-EDR01,2__KEDIR000,Primary BMU,OTHER,OTHER,BMU,Demand,,,,
SWA-ENR01,2__KENRD000,Primary BMU,OTHER,OTHER,BMU,Demand,,,,
SWA-EON01,2__KEOND000,Primary BMU,OTHER,OTHER,BMU,Demand,,,,
SWA-GDF01,2__KRWED000,Primary BMU,OTHER,OTHER,BMU,Demand,,,,
SWA-HPW01,2__KHPOW000,Primary BMU,OTHER,OTHER,BMU,Demand,,,,
SWA-HVN01,2__KHAVE000,Primary BMU,OTHER,OTHER,BMU,Demand,,,,
SWA-LON01,2__KLOND000,Primary BMU,OTHER,OTHER,BMU,Demand,,,,
SWA-MID01,,Primary BMU,OTHER,OTHER,BMU,Demand,,,,
SWA-MNW01,2__KMANW000,Primary BMU,OTHER,OTHER,BMU,Demand,,,,
SWA-MSG01,,Primary BMU,OTHER,OTHER,BMU,Demand,,,,
SWA-NPE01,2__KNATP000,Primary BMU,OTHER,OTHER,BMU,Demand,,,,
SWA-OCT01,2__KMRCY000,Primary BMU,OTHER,OTHER,BMU,Demand,,,,
SWA-OGA01,2__KOGAS000,Primary BMU,OTHER,OTHER,BMU,Demand,,,,
SWA-PGE01,2__KEMEB000,Primary BMU,OTHER,OTHER,BMU,Demand,,,,
SWA-PGU01,2__KPGEN000,Primary BMU,OTHER,OTHER,BMU,Demand,,,,
SWA-SEE01,2__KSEEB000,Primary BMU,OTHER,OTHER,BMU,Demand,,,,
SWA-SEL01,2__KSMAR000,Primary BMU,OTHER,OTHER,BMU,Demand,,,,
SWA-SPC01,2__KSPOW000,Primary BMU,OTHER,OTHER,BMU,Demand,,,,
SWA-SSE01,2__KHYDE000,Primary BMU,OTHER,OTHER,BMU,Demand,,,,
SWA-STH01,2__KSOUT000,Primary BMU,OTHER,OTHER,BMU,Demand,,,,
SWA-SWA01,2__KSWAE000,Primary BMU,OTHER,OTHER,BMU,Demand,,,,
SWA-SWT01,2__KSWEB000,Primary BMU,OTHER,OTHER,BMU,Demand,,,,
SWA-TFE01,2__KTGPL000,Primary BMU,OTHER,OTHER,BMU,Demand,,,,
SWA-UKP01,,Primary BMU,OTHER,OTHER,BMU,Generation,,,,
SWBKW-1,E_SWBKW-1,Primary BMU,WIND,WIND,BMU,Generation,,,,
SWDNB-1,E_SWDNB-1,Primary BMU,OTHER,BATTERY,BMU,Bi-Directional,YES,,,
SWGTB-1,2__MCMRO003,Primary BMU,OTHER,BATTERY,BMU,Bi-Directional,,,,
SWT-ATL01,2__LIMPO000,Primary BMU,OTHER,OTHER,BMU,Demand,,,,
SWT-AXPO1,2__LAXPO000,Primary BMU,OTHER,OTHER,BMU,Demand,,,,
SWT-BGS01,2__LBGAS000,Primary BMU,OTHER,OTHER,BMU,Demand,,,,
SWT-BIZ01,2__LBIZZ000,Primary BMU,OTHER,OTHER,BMU,Demand,,,,
SWT-EDF01,2__LEDFE000,Primary BMU,OTHER,OTHER,BMU,Demand,,,,
SWT-EDR01,2__LEDIR000,Primary BMU,OTHER,OTHER,BMU,Demand,,,,
SWT-ENR01,2__LENRD000,Primary BMU,OTHER,OTHER,BMU,Demand,,,,
SWT-EON01,2__LEOND000,Primary BMU,OTHER,OTHER,BMU,Demand,,,,
SWT-GDF01,2__LRWED000,Primary BMU,OTHER,OTHER,BMU,Demand,,,,
SWT-HPW01,2__LHPOW000,Primary BMU,OTHER,OTHER,BMU,Demand,,,,
SWT-HVN01,2__LHAVE000,Primary BMU,OTHER,OTHER,BMU,Demand,,,,
SWT-LON01,2__LLOND000,Primary BMU,OTHER,OTHER,BMU,Demand,,,,
SWT-MID01,,Primary BMU,OTHER,OTHER,BMU,Demand,,,,
SWT-MNW01,2__LMANW000,Primary BMU,OTHER,OTHER,BMU,Demand,,,,
SWT-MSG01,,Primary BMU,OTHER,OTHER,BMU,Demand,,,,
SWT-NPE01,2__LNATP000,Primary BMU,OTHER,OTHER,BMU,Demand,,,,
SWT-OCT01,2__LMRCY000,Primary BMU,OTHER,OTHER,BMU,Demand,,,,
SWT-OGA01,2__LOGAS000,Primary BMU,OTHER,OTHER,BMU,Demand,,,,
SWT-PGE01,2__LEMEB000,Primary BMU,OTHER,OTHER,BMU,Demand,,,,
SWT-PGU01,2__LPGEN000,Primary BMU,OTHER,OTHER,BMU,Demand,,,,
SWT-SEE01,2__LSEEB000,Primary BMU,OTHER,OTHER,BMU,Demand,,,,
SWT-SEL01,2__LSMAR000,Primary BMU,OTHER,OTHER,BMU,Demand,,,,
SWT-SPC01,2__LSPOW000,Primary BMU,OTHER,OTHER,BMU,Demand,,,,
SWT-SSE01,2__LHYDE000,Primary BMU,OTHER,OTHER,BMU,Demand,,,,
SWT-STH01,2__LSOUT000,Primary BMU,OTHER,OTHER,BMU,Demand,,,,
SWT-SWA01,2__LSWAE000,Primary BMU,OTHER,OTHER,BMU,Demand,,,,
SWT-SWT01,2__LSWEB000,Primary BMU,OTHER,OTHER,BMU,Demand,,,,
SWT-TFE01,2__LTGPL000,Primary BMU,OTHER,OTHER,BMU,Demand,,,,
SZJNB-1,T_SZJNB-1,Primary BMU,OTHER,BATTERY,BMU,Bi-Directional,,,,
TAYL2G,E_TAYL2G,Primary BMU,OCGT,OCGT,BMU,Generation,,51.546,-0.2575,
TAYL3G,E_TAYL3G,Primary BMU,OCGT,OCGT,BMU,Generation,YES,51.546,-0.2575,
TDBNW-1,T_TDBNW-1,Primary BMU,WIND,WIND,BMU,Generation,YES,55.768,-2.872,3457.0
TDRVE-1,E_TDRVE-1,Primary BMU,CCGT,CCGT,BMU,Generation,YES,,,
TEBWB-1,T_TEBWB-1,Primary BMU,OTHER,BATTERY,BMU,Bi-Directional,,,,
TEBWS-1,T_TEBWS-1,Primary BMU,OTHER,SOLAR,BMU,Generation,,,,
THMRB-1,E_THMRB-1,Primary BMU,OTHER,BATTERY,BMU,Bi-Directional,,,,
THNTO-1,T_THNTO-1,Primary BMU,WIND,WIND,BMU,Generation,,51.4306,1.6331,2499.0
THNTO-2,T_THNTO-2,Primary BMU,WIND,WIND,BMU,Generation,YES,51.4306,1.6331,2499.0
THRNL-1,E_THRNL-1,Primary BMU,OCGT,OCGT,BMU,Generation,YES,53.677222222,-1.654722222,
THRSC-1,,Primary BMU,OTHER,LOAD RESPONSE,BMU,Generation,,,,
THURB-1,,Primary BMU,OTHER,BATTERY,BMU,Bi-Directional,,,,
THURB-2,,Primary BMU,OTHER,BATTERY,BMU,Bi-Directional,,,,
THURB-3,,Primary BMU,OTHER,BATTERY,BMU,Bi-Directional,,,,
TIBG-1,E_TGP1,Primary BMU,OTHER,BIOMASS,BMU,Generation,,,,
TINSD-1,T_TINSD-1,Primary BMU,OTHER,OTHER,BMU,Demand,,,,
TKNEW-1,T_TKNEW-1,Primary BMU,WIND,WIND,BMU,Generation,,53.4,0.9,2532.0
TKNWW-1,T_TKNWW-1,Primary BMU,WIND,WIND,BMU,Generation,YES,53.4,0.9,2532.0
TLYMW-1,E_TLYMW-1,Primary BMU,WIND,WIND,BMU,Generation,YES,56.65490848904886,-3.3134138177532892,4599.0
TMNCW-1,C__PSTAT011,Primary BMU,WIND,WIND,EELPS,Generation,YES,57.39288250754723,-3.8917048816227524,4420.0
TODSD-1,T_TODSD-1,Primary BMU,OTHER,OTHER,BMU,Demand,YES,,,
TOLLB-1,E_TOLLB-1,Primary BMU,OTHER,BATTERY,BMU,Bi-Directional,,,,
TORA-1,,Primary BMU,NPSHYD,NPSHYD,BMU,Generation,,,,
TORA-2,,Primary BMU,NPSHYD,NPSHYD,BMU,Generation,,,,
TORN-1,T_TORN-1,Primary BMU,NUCLEAR,NUCLEAR,BMU,Generation,,55.968,-2.40908,
TORN-2,T_TORN-2,Primary BMU,NUCLEAR,NUCLEAR,BMU,Generation,YES,55.968,-2.40908,
TORND-1,T_TORN-D,Primary BMU,OTHER,OTHER,BMU,Demand,YES,55.968,-2.40908,
TORQB-1,E_TORQB-1,Primary BMU,OTHER,BATTERY,BMU,Bi-Directional,,,,
TRFPK-1,E_TRFPK-1,Primary BMU,CCGT,CCGT,BMU,Generation,,,,
TRLGW-1,T_TRLGW-1,Primary BMU,WIND,WIND,BMU,Generation,,55.249770645721796,-4.8061708857371155,4073.0
TRMFD-1,T__KYELT003,Primary BMU,OTHER,OTHER,BMU,Demand,YES,,,
TSREP-1,T_TSREP-1,Primary BMU,BIOMASS,BIOMASS,BMU,Generation,,54.5768,-1.12042,
TULWW-1,E_TULWW-1,Primary BMU,WIND,WIND,EELPS,Generation,YES,56.96390980526242,-2.2107583566110285,3190.0
TULWW-2,E_TULWW-2,Primary BMU,WIND,WIND,BMU,Generation,YES,56.96390980526242,-2.2107583566110285,3190.0
TWSHW-1,T_TWSHW-1,Primary BMU,WIND,WIND,BMU,Generation,YES,55.3142,-3.9185,6590.0
TYLNB-1,T_TYLNB-1,Primary BMU,OTHER,BATTERY,BMU,Bi-Directional,YES,,,
UNPKD-1,,Primary BMU,OTHER,OTHER,BMU,Demand,,,,
UNPKD-2,,Primary BMU,OTHER,OTHER,BMU,Demand,,,,
USKM-13,,Primary BMU,BIOMASS,BIOMASS,BMU,Generation,,,,
USKM-14,,Primary BMU,BIOMASS,BIOMASS,BMU,Generation,YES,,,
USKM-15,,Primary BMU,BIOMASS,BIOMASS,BMU,Generation,YES,,,
VKING-2,E_VKING-2,Primary BMU,OCGT,OCGT,BMU,Generation,YES,54.6067,-1.20268,
VKNGW-1,T_VKNGW-1,Primary BMU,WIND,WIND,BMU,Generation,,60.286611111,-1.261222222,6828.0
VKNGW-2,T_VKNGW-2,Primary BMU,WIND,WIND,BMU,Generation,YES,60.286611111,-1.261222222,6828.0
VKNGW-3,T_VKNGW-3,Primary BMU,WIND,WIND,BMU,Generation,YES,60.286611111,-1.261222222,6828.0
VKNGW-4,T_VKNGW-4,Primary BMU,WIND,WIND,BMU,Generation,YES,60.286611111,-1.261222222,6828.0
WBUGT-1,,Primary BMU,OCGT,OCGT,BMU,Generation,YES,,,
WBUGT-4,,Primary BMU,OCGT,OCGT,BMU,Generation,YES,,,
WBUPS-1,,Primary BMU,COAL,COAL,BMU,Generation,YES,,,
WBUPS-2,,Primary BMU,COAL,COAL,BMU,Generation,YES,,,
WBUPS-3,,Primary BMU,COAL,COAL,BMU,Generation,YES,,,
WBUPS-4,,Primary BMU,OCGT,COAL,BMU,Generation,YES,,,
WBURB-1,T_WBURB-1,Primary BMU,CCGT,CCGT,BMU,Generation,YES,,,
WBURB-2,T_WBURB-2,Primary BMU,CCGT,CCGT,BMU,Generation,YES,,,
WBURB-3,T_WBURB-3,Primary BMU,CCGT,CCGT,BMU,Generation,YES,,,
WBURB-41,T_WBURB-41,Primary BMU,OTHER,BATTERY,BMU,Bi-Directional,YES,53.36452921154927,-0.7983559165355161,6920.0
WBURB-43,T_WBURB-43,Primary BMU,OTHER,BATTERY,BMU,Bi-Directional,YES,53.36452921154927,-0.7983559165355161,6920.0
WDNSO-1,T_WDNSO-1,Primary BMU,WIND,WIND,BMU,Generation,YES,53.983,-3.463,2519.0
WDNSO-2,T_WDNSO-2,Primary BMU,WIND,WIND,BMU,Generation,YES,53.983,-3.463,2519.0
WDRGW-1,T_WDRGW-1,Primary BMU,WIND,WIND,BMU,Generation,YES,55.27467312432234,-4.178561474848133,7562.0
WETHW-1,,Primary BMU,WIND,WIND,BMU,Generation,YES,,,
WHIHW-1,T_WHIHW-1,Primary BMU,WIND,WIND,BMU,Generation,,55.35741391262621,-4.029442075056163,4502.0
WHILW-1,T_WHILW-1,Primary BMU,WIND,WIND,BMU,Generation,YES,55.672777777,-4.285555555,3981.0
WHILW-2,T_WHILW-2,Primary BMU,WIND,WIND,BMU,Generation,YES,55.672777777,-4.285555555,3981.0
WHLWB-1,T_WHLWB-1,Primary BMU,OTHER,BATTERY,BMU,Bi-Directional,YES,55.6954,-4.17331,7174.0
WHTLD-1,T_WHISTLD-1,Primary BMU,OTHER,OTHER,BMU,Demand,,,,
WILCT-1,T_WILCT-1,Primary BMU,BIOMASS,BIOMASS,BMU,Generation,,54.5894,-1.1185,
WINN-1,,Primary BMU,CCGT,CCGT,BMU,Generation,YES,,,
WISHB-1,T_WISHB-1,Primary BMU,OTHER,BATTERY,BMU,Bi-Directional,YES,55.76927,-3.93867,9522.0
WISTW-2,T_WISTW-2,Primary BMU,WIND,WIND,BMU,Generation,YES,55.29220785566121,-4.203148815861893,4431.0
WLNYO-2,T_WLNYO-2,Primary BMU,WIND,WIND,BMU,Generation,YES,54.044,-3.522,2500.0
WLNYO-3,T_WLNYO-3,Primary BMU,WIND,WIND,BMU,Generation,YES,54.044,-3.522,2500.0
WLNYO-4,T_WLNYO-4,Primary BMU,WIND,WIND,BMU,Generation,YES,54.044,-3.522,2500.0
WLNYW-1,T_WLNYW-1,Primary BMU,WIND,WIND,BMU,Generation,YES,54.044,-3.522,2500.0
WNCHB-1,,Primary BMU,OTHER,BATTERY,BMU,Bi-Directional,YES,,,
WTGTB-1,,Primary BMU,OTHER,BATTERY,BMU,Bi-Directional,,,,
WTMSO-1,T_WTMSO-1,Primary BMU,WIND,WIND,BMU,Generation,,53.805,0.149,2545.0
WTRLN-1,E_WTRLN-1,Primary BMU,CCGT,CCGT,BMU,Generation,,,,
WTRSB-1,2__GCMRO002,Primary BMU,OTHER,BATTERY,BMU,Bi-Directional,,,,
YEP-ATL01,2__MIMPO000,Primary BMU,OTHER,OTHER,BMU,Demand,,,,
YEP-AXPO1,2__MAXPO000,Primary BMU,CCGT,OTHER,BMU,Demand,,,,
YEP-BGS01,2__MBGAS000,Primary BMU,OTHER,OTHER,BMU,Demand,,,,
YEP-BIZ01,2__MBIZZ000,Primary BMU,OTHER,OTHER,BMU,Demand,,,,
YEP-EDF01,2__MEDFE000,Primary BMU,OTHER,OTHER,BMU,Demand,,,,
YEP-EDR01,2__MEDIR000,Primary BMU,OTHER,OTHER,BMU,Demand,,,,
YEP-ENR01,2__MENRD000,Primary BMU,OTHER,OTHER,BMU,Demand,,,,
YEP-EON01,2__MEOND000,Primary BMU,OTHER,OTHER,BMU,Demand,,,,
YEP-GDF01,2__MRWED000,Primary BMU,OTHER,OTHER,BMU,Demand,,,,
YEP-HPW01,2__MHPOW000,Primary BMU,OTHER,OTHER,BMU,Demand,,,,
YEP-HVN01,2__MHAVE000,Primary BMU,OTHER,OTHER,BMU,Demand,,,,
YEP-LON01,2__MLOND000,Primary BMU,OTHER,OTHER,BMU,Demand,,,,
YEP-MID01,,Primary BMU,OTHER,OTHER,BMU,Demand,,,,
YEP-MNW01,2__MMANW000,Primary BMU,OTHER,OTHER,BMU,Demand,,,,
YEP-MSG01,,Primary BMU,OTHER,OTHER,BMU,Demand,,,,
YEP-NPE01,2__MNATP000,Primary BMU,OTHER,OTHER,BMU,Demand,,,,
YEP-OCT01,2__MMRCY000,Primary BMU,OTHER,OTHER,BMU,Demand,,,,
YEP-OGA01,2__MOGAS000,Primary BMU,OTHER,OTHER,BMU,Demand,,,,
YEP-PGE01,2__MEMEB000,Primary BMU,OTHER,OTHER,BMU,Demand,,,,
YEP-PGU01,2__MPGEN000,Primary BMU,OTHER,OTHER,BMU,Demand,,,,
YEP-SEE01,2__MSEEB000,Primary BMU,OTHER,OTHER,BMU,Demand,,,,
YEP-SEL01,2__MSMAR000,Primary BMU,OTHER,OTHER,BMU,Demand,,,,
YEP-SPC01,2__MSPOW000,Primary BMU,OTHER,OTHER,BMU,Demand,,,,
YEP-SSE01,2__MHYDE000,Primary BMU,OTHER,OTHER,BMU,Demand,,,,
YEP-STH01,2__MSOUT000,Primary BMU,OTHER,OTHER,BMU,Demand,,,,
YEP-SWA01,2__MSWAE000,Primary BMU,OTHER,OTHER,BMU,Demand,,,,
YEP-SWT01,2__MSWEB000,Primary BMU,OTHER,OTHER,BMU,Demand,,,,
YEP-TFE01,2__MTGPL000,Primary BMU,OTHER,OTHER,BMU,Demand,,,,
ZEN02A,V__AZENO002,Secondary BMU,OTHER,BATTERY,BMU,Bi-Directional,,,,
ACHYW-1,,Primary BMU,WIND,WIND,BMU,Generation,,,,
AG-PFLX01,,Primary BMU,OTHER,BATTERY,BMU,Generation,YES,,,
AKGLW-1,,Primary BMU,WIND,WIND,BMU,Generation,YES,55.893416376890386,-2.4525902607503536,4591.0
BETHW-1,E_BETHW-1,Primary BMU,WIND,WIND,BMU,Generation,YES,57.80527491009226,-4.328995396362208,4669.0
BGLAW-1,,Primary BMU,WIND,WIND,BMU,Generation,YES,,,
BLLA-1,T_BLLA-1,Primary BMU,WIND,WIND,BMU,Generation,YES,55.7669,-3.73889,3116.0
BNAKW-1,,Primary BMU,WIND,WIND,BMU,Generation,YES,,,
BOULW-1,,Primary BMU,WIND,WIND,BMU,Generation,YES,,,
BOYNW-1,,Primary BMU,WIND,WIND,BMU,Generation,YES,,,
BTUIW-1,,Primary BMU,WIND,WIND,BMU,Generation,YES,55.5714,-5.57611,3387.0
CDWTW-1,,Primary BMU,WIND,WIND,BMU,Generation,YES,,,
CORY-1,,Primary BMU,CCGT,CCGT,BMU,Generation,YES,,,
CRDEW-1,T_CRDEW-1,Primary BMU,WIND,WIND,BMU,Generation,YES,55.1761484100541,-3.1728699866762597,4633.0
CRMHW-1,,Primary BMU,WIND,WIND,BMU,Generation,YES,,,
CRMNW-1,,Primary BMU,WIND,WIND,BMU,Generation,YES,,,
CRYRW-1,,Primary BMU,WIND,WIND,BMU,Generation,YES,,,
DEUCW-1,,Primary BMU,WIND,WIND,BMU,Generation,YES,,,
DRDGW-1,,Primary BMU,WIND,WIND,BMU,Generation,YES,,,
DUMMW-1,,Primary BMU,WIND,WIND,BMU,Generation,YES,,,
EARBW-1,,Primary BMU,WIND,WIND,BMU,Generation,YES,,,
EDTRW-1,,Primary BMU,WIND,WIND,BMU,Generation,YES,,,
FRBRW-1,,Primary BMU,WIND,WIND,BMU,Generation,YES,,,
GRUB-1,2__PIMPO006,Primary BMU,NPSHYD,NPSHYD,BMU,Generation,YES,,,
GRUB-2,2__PIMPO007,Primary BMU,NPSHYD,NPSHYD,BMU,Generation,YES,,,
HAWFW-1,,Primary BMU,WIND,WIND,BMU,Generation,YES,,,
HRHLW-1,E_HRHLW-1,Primary BMU,WIND,WIND,BMU,Generation,YES,55.36280437392026,-4.126282735040791,2711.0
IEG-GRN1,I_IEG-GRN1,Primary BMU,INTGRNL,INTGRNL,BMU,Generation,YES,,,
INAW-1,,Primary BMU,NPSHYD,NPSHYD,BMU,Generation,YES,,,
KILNS-1,T_KILNS-1,Primary BMU,CCGT,CCGT,BMU,Generation,YES,,,
KLDMW-1,,Primary BMU,WIND,WIND,BMU,Generation,YES,,,
LGPKW-1,,Primary BMU,WIND,WIND,BMU,Generation,YES,,,
NNPW01,2__NNATP001,Primary BMU,WIND,WIND,BMU,Generation,YES,,,
NOKYW-1,T_NOKYW-1,Primary BMU,WIND,WIND,BMU,Generation,YES,55.351733647178385,-4.359660294729493,6607.0
NOKYW-2,T_NOKYW-2,Primary BMU,WIND,WIND,BMU,Generation,YES,55.351733647178385,-4.359660294729493,6607.0
NOVAW-1,,Primary BMU,WIND,WIND,BMU,Generation,YES,,,
NOVAW-2,,Primary BMU,WIND,WIND,BMU,Generation,YES,,,
NSQYT-1,,Primary BMU,OTHER,TIDAL,BMU,Generation,YES,,,
PTLDW-1,,Primary BMU,WIND,WIND,BMU,Generation,YES,,,
RANN-1,2__PIMPO008,Primary BMU,NPSHYD,NPSHYD,BMU,Generation,YES,,,
RANN-2,2__PIMPO009,Primary BMU,NPSHYD,NPSHYD,BMU,Generation,YES,,,
RANN-3,2__PIMPO010,Primary BMU,NPSHYD,NPSHYD,BMU,Generation,YES,,,
REDGT-1,E_REDGT-1,Primary BMU,OCGT,OCGT,BMU,Generation,YES,,,
SFIL-1,2__PIMPO011,Primary BMU,NPSHYD,NPSHYD,BMU,Generation,YES,,,
SHIN-1,2__PIMPO012,Primary BMU,NPSHYD,NPSHYD,BMU,Generation,YES,,,
SHIN-2,2__PIMPO013,Primary BMU,NPSHYD,NPSHYD,BMU,Generation,YES,,,
SIMEC-1,T_SIMEC-1,Primary BMU,BIOMASS,BIOMASS,BMU,Generation,YES,,,
SPEY-1,,Primary BMU,BIOMASS,BIOMASS,BMU,Generation,YES,,,
STCR-1,,Primary BMU,BIOMASS,BIOMASS,BMU,Generation,YES,,,
STPSW-1,,Primary BMU,WIND,WIND,BMU,Generation,YES,,,
SVRP-10,T_SVRP-10,Primary BMU,CCGT,CCGT,BMU,Generation,YES,,,
TANGW-1,,Primary BMU,WIND,WIND,BMU,Generation,YES,,,
TMWLW-1,,Primary BMU,WIND,WIND,BMU,Generation,YES,,,
TONG-1,,Primary BMU,NPSHYD,NPSHYD,BMU,Generation,YES,,,
TONG-2,,Primary BMU,NPSHYD,NPSHYD,BMU,Generation,YES,,,
TONG-3,,Primary BMU,NPSHYD,NPSHYD,BMU,Generation,YES,,,
TUMB-1,,Primary BMU,NPSHYD,NPSHYD,BMU,Generation,YES,,,
TUMB-2,,Primary BMU,NPSHYD,NPSHYD,BMU,Generation,YES,,,
USKM-13,T_USKM-13,Primary BMU,BIOMASS,BIOMASS,BMU,Generation,YES,,,
USKM-14,T_USKM-14,Primary BMU,BIOMASS,BIOMASS,BMU,Generation,YES,,,
USKM-15,T_USKM-15,Primary BMU,BIOMASS,BIOMASS,BMU,Generation,YES,,,
WBUGT-1,T_WBUGT-1,Primary BMU,OCGT,OCGT,BMU,Generation,YES,,,
WBUGT-4,T_WBUGT-4,Primary BMU,OCGT,OCGT,BMU,Generation,YES,,,
WBUPS-1,T_WBUPS-1,Primary BMU,COAL,COAL,BMU,Generation,YES,,,
WBUPS-2,T_WBUPS-2,Primary BMU,COAL,COAL,BMU,Generation,YES,,,
WBUPS-3,T_WBUPS-3,Primary BMU,COAL,COAL,BMU,Generation,YES,,,
WBUPS-4,T_WBUPS-4,Primary BMU,COAL,COAL,BMU,Generation,YES,,,
WINN-1,E_WINN-1,Primary BMU,OTHER,OTHER,BMU,Generation,YES,,,
WTGRW-1,,Primary BMU,WIND,WIND,BMU,Generation,YES,,,
